{
	"credit": "Made with Blockbench",
	"textures": {
		"particle": "arcadiusmc:item/shotgun",
		"layer0": "arcadiusmc:item/shotgun"
	},
	"elements": [
		{
			"name": "shotgun_0",
			"from": [5.25, 0, 8],
			"to": [5.5, 1.75, 8.5],
			"rotation": {"angle": 0, "axis": "y", "origin": [8.0625, -0.25, 8.25]},
			"faces": {
				"north": {"uv": [5.5, 0, 5.25, 8], "texture": "#layer0"},
				"east": {"uv": [5.25, 0, 5.5, 8], "texture": "#layer0"},
				"south": {"uv": [5.25, 0, 5.5, 8], "texture": "#layer0"},
				"west": {"uv": [5.25, 0, 5.5, 8], "texture": "#layer0"},
				"up": {"uv": [5.25, 0, 5.5, 1.14286], "texture": "#layer0"},
				"down": {"uv": [5.25, 6.85714, 5.5, 8], "texture": "#layer0"}
			}
		},
		{
			"name": "shotgun_1",
			"from": [15.5, 0, 8],
			"to": [15.75, 1.75, 8.5],
			"rotation": {"angle": 0, "axis": "y", "origin": [8.0625, -0.25, 8.25]},
			"faces": {
				"north": {"uv": [15.75, 0, 15.5, 8], "texture": "#layer0"},
				"east": {"uv": [15.5, 0, 15.75, 8], "texture": "#layer0"},
				"south": {"uv": [15.5, 0, 15.75, 8], "texture": "#layer0"},
				"west": {"uv": [15.5, 0, 15.75, 8], "texture": "#layer0"},
				"up": {"uv": [15.5, 0, 15.75, 1.14286], "texture": "#layer0"},
				"down": {"uv": [15.5, 6.85714, 15.75, 8], "texture": "#layer0"}
			}
		},
		{
			"name": "shotgun_2",
			"from": [5.5, 0, 8],
			"to": [6.25, 1.5, 8.5],
			"rotation": {"angle": 0, "axis": "y", "origin": [8.0625, -0.25, 8.25]},
			"faces": {
				"north": {"uv": [6.25, 1.14286, 5.5, 8], "texture": "#layer0"},
				"east": {"uv": [6, 1.14286, 6.25, 8], "texture": "#layer0"},
				"south": {"uv": [5.5, 1.14286, 6.25, 8], "texture": "#layer0"},
				"west": {"uv": [5.5, 1.14286, 5.75, 8], "texture": "#layer0"},
				"up": {"uv": [5.5, 1.14286, 6.25, 2.28571], "texture": "#layer0"},
				"down": {"uv": [5.5, 6.85714, 6.25, 8], "texture": "#layer0"}
			}
		},
		{
			"name": "shotgun_3",
			"from": [15.25, 0.75, 8],
			"to": [15.5, 1.5, 8.5],
			"rotation": {"angle": 0, "axis": "y", "origin": [8.0625, -0.25, 8.25]},
			"faces": {
				"north": {"uv": [15.5, 1.14286, 15.25, 4.57143], "texture": "#layer0"},
				"east": {"uv": [15.25, 1.14286, 15.5, 4.57143], "texture": "#layer0"},
				"south": {"uv": [15.25, 1.14286, 15.5, 4.57143], "texture": "#layer0"},
				"west": {"uv": [15.25, 1.14286, 15.5, 4.57143], "texture": "#layer0"},
				"up": {"uv": [15.25, 1.14286, 15.5, 2.28571], "texture": "#layer0"},
				"down": {"uv": [15.25, 3.42857, 15.5, 4.57143], "texture": "#layer0"}
			}
		},
		{
			"name": "shotgun_4",
			"from": [3.75, 0, 8],
			"to": [5.25, 1.25, 8.5],
			"rotation": {"angle": 0, "axis": "y", "origin": [8.0625, -0.25, 8.25]},
			"faces": {
				"north": {"uv": [5.25, 2.28571, 3.75, 8], "texture": "#layer0"},
				"east": {"uv": [5, 2.28571, 5.25, 8], "texture": "#layer0"},
				"south": {"uv": [3.75, 2.28571, 5.25, 8], "texture": "#layer0"},
				"west": {"uv": [3.75, 2.28571, 4, 8], "texture": "#layer0"},
				"up": {"uv": [3.75, 2.28571, 5.25, 3.42857], "texture": "#layer0"},
				"down": {"uv": [3.75, 6.85714, 5.25, 8], "texture": "#layer0"}
			}
		},
		{
			"name": "shotgun_5",
			"from": [6.25, 0, 8],
			"to": [12.25, 1.25, 8.5],
			"rotation": {"angle": 0, "axis": "y", "origin": [8.0625, -0.25, 8.25]},
			"faces": {
				"north": {"uv": [12.25, 2.28571, 6.25, 8], "texture": "#layer0"},
				"east": {"uv": [12, 2.28571, 12.25, 8], "texture": "#layer0"},
				"south": {"uv": [6.25, 2.28571, 12.25, 8], "texture": "#layer0"},
				"west": {"uv": [6.25, 2.28571, 6.5, 8], "texture": "#layer0"},
				"up": {"uv": [6.25, 2.28571, 12.25, 3.42857], "texture": "#layer0"},
				"down": {"uv": [6.25, 6.85714, 12.25, 8], "texture": "#layer0"}
			}
		},
		{
			"name": "shotgun_6",
			"from": [12.25, 0.75, 8],
			"to": [15.25, 1.25, 8.5],
			"rotation": {"angle": 0, "axis": "y", "origin": [8.0625, -0.25, 8.25]},
			"faces": {
				"north": {"uv": [15.25, 2.28571, 12.25, 4.57143], "texture": "#layer0"},
				"east": {"uv": [15, 2.28571, 15.25, 4.57143], "texture": "#layer0"},
				"south": {"uv": [12.25, 2.28571, 15.25, 4.57143], "texture": "#layer0"},
				"west": {"uv": [12.25, 2.28571, 12.5, 4.57143], "texture": "#layer0"},
				"up": {"uv": [12.25, 2.28571, 15.25, 3.42857], "texture": "#layer0"},
				"down": {"uv": [12.25, 3.42857, 15.25, 4.57143], "texture": "#layer0"}
			}
		},
		{
			"name": "shotgun_7",
			"from": [15.75, 0.75, 8],
			"to": [16, 1.25, 8.5],
			"rotation": {"angle": 0, "axis": "y", "origin": [8.0625, -0.25, 8.25]},
			"faces": {
				"north": {"uv": [16, 2.28571, 15.75, 4.57143], "texture": "#layer0"},
				"east": {"uv": [15.75, 2.28571, 16, 4.57143], "texture": "#layer0"},
				"south": {"uv": [15.75, 2.28571, 16, 4.57143], "texture": "#layer0"},
				"west": {"uv": [15.75, 2.28571, 16, 4.57143], "texture": "#layer0"},
				"up": {"uv": [15.75, 2.28571, 16, 3.42857], "texture": "#layer0"},
				"down": {"uv": [15.75, 3.42857, 16, 4.57143], "texture": "#layer0"}
			}
		},
		{
			"name": "shotgun_8",
			"from": [3.5, -1, 8],
			"to": [3.75, 1, 8.5],
			"rotation": {"angle": 0, "axis": "y", "origin": [8.0625, -0.25, 8.25]},
			"faces": {
				"north": {"uv": [3.75, 3.42857, 3.5, 12.57143], "texture": "#layer0"},
				"east": {"uv": [3.5, 3.42857, 3.75, 12.57143], "texture": "#layer0"},
				"south": {"uv": [3.5, 3.42857, 3.75, 12.57143], "texture": "#layer0"},
				"west": {"uv": [3.5, 3.42857, 3.75, 12.57143], "texture": "#layer0"},
				"up": {"uv": [3.5, 3.42857, 3.75, 4.57143], "texture": "#layer0"},
				"down": {"uv": [3.5, 11.42857, 3.75, 12.57143], "texture": "#layer0"}
			}
		},
		{
			"name": "shotgun_9",
			"from": [2, -0.5, 8],
			"to": [3, 0.75, 8.5],
			"rotation": {"angle": 0, "axis": "y", "origin": [8.0625, -0.25, 8.25]},
			"faces": {
				"north": {"uv": [3, 4.57143, 2, 10.28571], "texture": "#layer0"},
				"east": {"uv": [2.75, 4.57143, 3, 10.28571], "texture": "#layer0"},
				"south": {"uv": [2, 4.57143, 3, 10.28571], "texture": "#layer0"},
				"west": {"uv": [2, 4.57143, 2.25, 10.28571], "texture": "#layer0"},
				"up": {"uv": [2, 4.57143, 3, 5.71429], "texture": "#layer0"},
				"down": {"uv": [2, 9.14286, 3, 10.28571], "texture": "#layer0"}
			}
		},
		{
			"name": "shotgun_10",
			"from": [12.75, 0, 8],
			"to": [13.25, 0.5, 8.5],
			"rotation": {"angle": 0, "axis": "y", "origin": [8.0625, -0.25, 8.25]},
			"faces": {
				"north": {"uv": [13.25, 4.57143, 12.75, 8], "texture": "#layer0"},
				"east": {"uv": [13, 4.57143, 13.25, 8], "texture": "#layer0"},
				"south": {"uv": [12.75, 4.57143, 13.25, 8], "texture": "#layer0"},
				"west": {"uv": [12.75, 4.57143, 13, 8], "texture": "#layer0"},
				"up": {"uv": [12.75, 4.57143, 13.25, 5.71429], "texture": "#layer0"},
				"down": {"uv": [12.75, 6.85714, 13.25, 8], "texture": "#layer0"}
			}
		},
		{
			"name": "shotgun_11",
			"from": [1, -1, 8],
			"to": [2, 0.5, 8.5],
			"rotation": {"angle": 0, "axis": "y", "origin": [8.0625, -0.25, 8.25]},
			"faces": {
				"north": {"uv": [2, 5.71429, 1, 12.57143], "texture": "#layer0"},
				"east": {"uv": [1.75, 5.71429, 2, 12.57143], "texture": "#layer0"},
				"south": {"uv": [1, 5.71429, 2, 12.57143], "texture": "#layer0"},
				"west": {"uv": [1, 5.71429, 1.25, 12.57143], "texture": "#layer0"},
				"up": {"uv": [1, 5.71429, 2, 6.85714], "texture": "#layer0"},
				"down": {"uv": [1, 11.42857, 2, 12.57143], "texture": "#layer0"}
			}
		},
		{
			"name": "shotgun_12",
			"from": [3, -0.75, 8],
			"to": [3.5, 0.5, 8.5],
			"rotation": {"angle": 0, "axis": "y", "origin": [8.0625, -0.25, 8.25]},
			"faces": {
				"north": {"uv": [3.5, 5.71429, 3, 11.42857], "texture": "#layer0"},
				"east": {"uv": [3.25, 5.71429, 3.5, 11.42857], "texture": "#layer0"},
				"south": {"uv": [3, 5.71429, 3.5, 11.42857], "texture": "#layer0"},
				"west": {"uv": [3, 5.71429, 3.25, 11.42857], "texture": "#layer0"},
				"up": {"uv": [3, 5.71429, 3.5, 6.85714], "texture": "#layer0"},
				"down": {"uv": [3, 10.28571, 3.5, 11.42857], "texture": "#layer0"}
			}
		},
		{
			"name": "shotgun_13",
			"from": [12.25, 0, 8],
			"to": [12.75, 0.5, 8.5],
			"rotation": {"angle": 0, "axis": "y", "origin": [8.0625, -0.25, 8.25]},
			"faces": {
				"north": {"uv": [12.75, 5.71429, 12.25, 8], "texture": "#layer0"},
				"east": {"uv": [12.5, 5.71429, 12.75, 8], "texture": "#layer0"},
				"south": {"uv": [12.25, 5.71429, 12.75, 8], "texture": "#layer0"},
				"west": {"uv": [12.25, 5.71429, 12.5, 8], "texture": "#layer0"},
				"up": {"uv": [12.25, 5.71429, 12.75, 6.85714], "texture": "#layer0"},
				"down": {"uv": [12.25, 6.85714, 12.75, 8], "texture": "#layer0"}
			}
		},
		{
			"name": "shotgun_14",
			"from": [13.25, 0, 8],
			"to": [15.5, 0.5, 8.5],
			"rotation": {"angle": 0, "axis": "y", "origin": [8.0625, -0.25, 8.25]},
			"faces": {
				"north": {"uv": [15.5, 5.71429, 13.25, 8], "texture": "#layer0"},
				"east": {"uv": [15.25, 5.71429, 15.5, 8], "texture": "#layer0"},
				"south": {"uv": [13.25, 5.71429, 15.5, 8], "texture": "#layer0"},
				"west": {"uv": [13.25, 5.71429, 13.5, 8], "texture": "#layer0"},
				"up": {"uv": [13.25, 5.71429, 15.5, 6.85714], "texture": "#layer0"},
				"down": {"uv": [13.25, 6.85714, 15.5, 8], "texture": "#layer0"}
			}
		},
		{
			"name": "shotgun_15",
			"from": [15.75, 0, 8],
			"to": [16, 0.5, 8.5],
			"rotation": {"angle": 0, "axis": "y", "origin": [8.0625, -0.25, 8.25]},
			"faces": {
				"north": {"uv": [16, 5.71429, 15.75, 8], "texture": "#layer0"},
				"east": {"uv": [15.75, 5.71429, 16, 8], "texture": "#layer0"},
				"south": {"uv": [15.75, 5.71429, 16, 8], "texture": "#layer0"},
				"west": {"uv": [15.75, 5.71429, 16, 8], "texture": "#layer0"},
				"up": {"uv": [15.75, 5.71429, 16, 6.85714], "texture": "#layer0"},
				"down": {"uv": [15.75, 6.85714, 16, 8], "texture": "#layer0"}
			}
		},
		{
			"name": "shotgun_16",
			"from": [0, -1.5, 8],
			"to": [1, 0.25, 8.5],
			"rotation": {"angle": 0, "axis": "y", "origin": [8.0625, -0.25, 8.25]},
			"faces": {
				"north": {"uv": [1, 6.85714, 0, 14.85714], "texture": "#layer0"},
				"east": {"uv": [0.75, 6.85714, 1, 14.85714], "texture": "#layer0"},
				"south": {"uv": [0, 6.85714, 1, 14.85714], "texture": "#layer0"},
				"west": {"uv": [0, 6.85714, 0.25, 14.85714], "texture": "#layer0"},
				"up": {"uv": [0, 6.85714, 1, 8], "texture": "#layer0"},
				"down": {"uv": [0, 13.71429, 1, 14.85714], "texture": "#layer0"}
			}
		},
		{
			"name": "shotgun_17",
			"from": [3.75, -0.25, 8],
			"to": [4.25, 0, 8.5],
			"rotation": {"angle": 0, "axis": "y", "origin": [8.0625, -0.25, 8.25]},
			"faces": {
				"north": {"uv": [4.25, 8, 3.75, 9.14286], "texture": "#layer0"},
				"east": {"uv": [4, 8, 4.25, 9.14286], "texture": "#layer0"},
				"south": {"uv": [3.75, 8, 4.25, 9.14286], "texture": "#layer0"},
				"west": {"uv": [3.75, 8, 4, 9.14286], "texture": "#layer0"},
				"up": {"uv": [3.75, 8, 4.25, 9.14286], "texture": "#layer0"},
				"down": {"uv": [3.75, 8, 4.25, 9.14286], "texture": "#layer0"}
			}
		},
		{
			"name": "shotgun_18",
			"from": [5, -0.5, 8],
			"to": [5.25, 0, 8.5],
			"rotation": {"angle": 0, "axis": "y", "origin": [8.0625, -0.25, 8.25]},
			"faces": {
				"north": {"uv": [5.25, 8, 5, 10.28571], "texture": "#layer0"},
				"east": {"uv": [5, 8, 5.25, 10.28571], "texture": "#layer0"},
				"south": {"uv": [5, 8, 5.25, 10.28571], "texture": "#layer0"},
				"west": {"uv": [5, 8, 5.25, 10.28571], "texture": "#layer0"},
				"up": {"uv": [5, 8, 5.25, 9.14286], "texture": "#layer0"},
				"down": {"uv": [5, 9.14286, 5.25, 10.28571], "texture": "#layer0"}
			}
		},
		{
			"name": "shotgun_19",
			"from": [5.5, -0.25, 8],
			"to": [5.75, 0, 8.5],
			"rotation": {"angle": 0, "axis": "y", "origin": [8.0625, -0.25, 8.25]},
			"faces": {
				"north": {"uv": [5.75, 8, 5.5, 9.14286], "texture": "#layer0"},
				"east": {"uv": [5.5, 8, 5.75, 9.14286], "texture": "#layer0"},
				"south": {"uv": [5.5, 8, 5.75, 9.14286], "texture": "#layer0"},
				"west": {"uv": [5.5, 8, 5.75, 9.14286], "texture": "#layer0"},
				"up": {"uv": [5.5, 8, 5.75, 9.14286], "texture": "#layer0"},
				"down": {"uv": [5.5, 8, 5.75, 9.14286], "texture": "#layer0"}
			}
		},
		{
			"name": "shotgun_20",
			"from": [6.25, -0.5, 8],
			"to": [6.5, 0, 8.5],
			"rotation": {"angle": 0, "axis": "y", "origin": [8.0625, -0.25, 8.25]},
			"faces": {
				"north": {"uv": [6.5, 8, 6.25, 10.28571], "texture": "#layer0"},
				"east": {"uv": [6.25, 8, 6.5, 10.28571], "texture": "#layer0"},
				"south": {"uv": [6.25, 8, 6.5, 10.28571], "texture": "#layer0"},
				"west": {"uv": [6.25, 8, 6.5, 10.28571], "texture": "#layer0"},
				"up": {"uv": [6.25, 8, 6.5, 9.14286], "texture": "#layer0"},
				"down": {"uv": [6.25, 9.14286, 6.5, 10.28571], "texture": "#layer0"}
			}
		},
		{
			"name": "shotgun_21",
			"from": [7, -0.25, 8],
			"to": [7.5, 0, 8.5],
			"rotation": {"angle": 0, "axis": "y", "origin": [8.0625, -0.25, 8.25]},
			"faces": {
				"north": {"uv": [7.5, 8, 7, 9.14286], "texture": "#layer0"},
				"east": {"uv": [7.25, 8, 7.5, 9.14286], "texture": "#layer0"},
				"south": {"uv": [7, 8, 7.5, 9.14286], "texture": "#layer0"},
				"west": {"uv": [7, 8, 7.25, 9.14286], "texture": "#layer0"},
				"up": {"uv": [7, 8, 7.5, 9.14286], "texture": "#layer0"},
				"down": {"uv": [7, 8, 7.5, 9.14286], "texture": "#layer0"}
			}
		},
		{
			"name": "shotgun_22",
			"from": [9.5, -0.25, 7.75],
			"to": [12.25, 0.5, 8.75],
			"rotation": {"angle": 0, "axis": "y", "origin": [8.0625, -0.25, 8.25]},
			"faces": {
				"north": {"uv": [12.25, 8, 9.5, 9.14286], "texture": "#layer0"},
				"east": {"uv": [12, 8, 12.25, 9.14286], "texture": "#layer0"},
				"south": {"uv": [9.5, 8, 12.25, 9.14286], "texture": "#layer0"},
				"west": {"uv": [9.5, 8, 9.75, 9.14286], "texture": "#layer0"},
				"up": {"uv": [9.5, 8, 12.25, 9.14286], "texture": "#layer0"},
				"down": {"uv": [9.5, 8, 12.25, 9.14286], "texture": "#layer0"}
			}
		},
		{
			"name": "shotgun_23",
			"from": [3.75, -1, 8],
			"to": [4, -0.25, 8.5],
			"rotation": {"angle": 0, "axis": "y", "origin": [8.0625, -0.25, 8.25]},
			"faces": {
				"north": {"uv": [4, 9.14286, 3.75, 12.57143], "texture": "#layer0"},
				"east": {"uv": [3.75, 9.14286, 4, 12.57143], "texture": "#layer0"},
				"south": {"uv": [3.75, 9.14286, 4, 12.57143], "texture": "#layer0"},
				"west": {"uv": [3.75, 9.14286, 4, 12.57143], "texture": "#layer0"},
				"up": {"uv": [3.75, 9.14286, 4, 10.28571], "texture": "#layer0"},
				"down": {"uv": [3.75, 11.42857, 4, 12.57143], "texture": "#layer0"}
			}
		},
		{
			"name": "shotgun_24",
			"from": [2, -0.75, 8],
			"to": [2.5, -0.5, 8.5],
			"rotation": {"angle": 0, "axis": "y", "origin": [8.0625, -0.25, 8.25]},
			"faces": {
				"north": {"uv": [2.5, 10.28571, 2, 11.42857], "texture": "#layer0"},
				"east": {"uv": [2.25, 10.28571, 2.5, 11.42857], "texture": "#layer0"},
				"south": {"uv": [2, 10.28571, 2.5, 11.42857], "texture": "#layer0"},
				"west": {"uv": [2, 10.28571, 2.25, 11.42857], "texture": "#layer0"},
				"up": {"uv": [2, 10.28571, 2.5, 11.42857], "texture": "#layer0"},
				"down": {"uv": [2, 10.28571, 2.5, 11.42857], "texture": "#layer0"}
			}
		},
		{
			"name": "shotgun_25",
			"from": [5.25, -0.75, 8],
			"to": [6.25, -0.5, 8.5],
			"rotation": {"angle": 0, "axis": "y", "origin": [8.0625, -0.25, 8.25]},
			"faces": {
				"north": {"uv": [6.25, 10.28571, 5.25, 11.42857], "texture": "#layer0"},
				"east": {"uv": [6, 10.28571, 6.25, 11.42857], "texture": "#layer0"},
				"south": {"uv": [5.25, 10.28571, 6.25, 11.42857], "texture": "#layer0"},
				"west": {"uv": [5.25, 10.28571, 5.5, 11.42857], "texture": "#layer0"},
				"up": {"uv": [5.25, 10.28571, 6.25, 11.42857], "texture": "#layer0"},
				"down": {"uv": [5.25, 10.28571, 6.25, 11.42857], "texture": "#layer0"}
			}
		},
		{
			"name": "shotgun_26",
			"from": [1, -1.25, 8],
			"to": [1.5, -1, 8.5],
			"rotation": {"angle": 0, "axis": "y", "origin": [8.0625, -0.25, 8.25]},
			"faces": {
				"north": {"uv": [1.5, 12.57143, 1, 13.71429], "texture": "#layer0"},
				"east": {"uv": [1.25, 12.57143, 1.5, 13.71429], "texture": "#layer0"},
				"south": {"uv": [1, 12.57143, 1.5, 13.71429], "texture": "#layer0"},
				"west": {"uv": [1, 12.57143, 1.25, 13.71429], "texture": "#layer0"},
				"up": {"uv": [1, 12.57143, 1.5, 13.71429], "texture": "#layer0"},
				"down": {"uv": [1, 12.57143, 1.5, 13.71429], "texture": "#layer0"}
			}
		},
		{
			"name": "shotgun_27",
			"from": [1.25, -1.5, 8],
			"to": [1.5, -1.25, 8.5],
			"rotation": {"angle": 0, "axis": "y", "origin": [8.0625, -0.25, 8.25]},
			"faces": {
				"north": {"uv": [1.5, 13.71429, 1.25, 14.85714], "texture": "#layer0"},
				"east": {"uv": [1.25, 13.71429, 1.5, 14.85714], "texture": "#layer0"},
				"south": {"uv": [1.25, 13.71429, 1.5, 14.85714], "texture": "#layer0"},
				"west": {"uv": [1.25, 13.71429, 1.5, 14.85714], "texture": "#layer0"},
				"up": {"uv": [1.25, 13.71429, 1.5, 14.85714], "texture": "#layer0"},
				"down": {"uv": [1.25, 13.71429, 1.5, 14.85714], "texture": "#layer0"}
			}
		},
		{
			"name": "shotgun_28",
			"from": [0, -1.75, 8],
			"to": [0.5, -1.5, 8.5],
			"rotation": {"angle": 0, "axis": "y", "origin": [8.0625, -0.25, 8.25]},
			"faces": {
				"north": {"uv": [0.5, 14.85714, 0, 16], "texture": "#layer0"},
				"east": {"uv": [0.25, 14.85714, 0.5, 16], "texture": "#layer0"},
				"south": {"uv": [0, 14.85714, 0.5, 16], "texture": "#layer0"},
				"west": {"uv": [0, 14.85714, 0.25, 16], "texture": "#layer0"},
				"up": {"uv": [0, 14.85714, 0.5, 16], "texture": "#layer0"},
				"down": {"uv": [0, 14.85714, 0.5, 16], "texture": "#layer0"}
			}
		}
	],
	"display": {
		"thirdperson_righthand": {
			"rotation": [0, 90, 0],
			"translation": [-0.25, 12, -3.25],
			"scale": [1.5, 1.5, 1.5]
		},
		"thirdperson_lefthand": {
			"rotation": [0, -90, 0],
			"translation": [0.25, 12, -2.75],
			"scale": [1.5, 1.5, 1.5]
		},
		"firstperson_righthand": {
			"rotation": [3, 90, 0],
			"translation": [-2.5, 16, 4.75],
			"scale": [0.73, 1.47, 1.4]
		},
		"firstperson_lefthand": {
			"rotation": [3, -90, 0],
			"translation": [-3, 16, 4.25],
			"scale": [0.73, 1.47, 1.4]
		},
		"ground": {
			"translation": [0, 14.25, 0],
			"scale": [1.75, 1.75, 1.75]
		},
		"gui": {
			"rotation": [0, 0, 45],
			"translation": [-6, 6, 0]
		},
		"head": {
			"translation": [0, 23, -7.5],
			"scale": [2.23, 1.92, 2.63]
		},
		"fixed": {
			"rotation": [0, 0, -45],
			"translation": [8.75, 8, -0.5],
			"scale": [1.5, 1.5, 1.5]
		}
	},
	"groups": [
		{
			"name": "shotgun",
			"origin": [8, 8, 8],
			"color": 0,
			"children": [0, 1, 2, 3, 4, 5, 6, 7, 8, 9, 10, 11, 12, 13, 14, 15, 16, 17, 18, 19, 20, 21, 22, 23, 24, 25, 26, 27, 28]
		}
	]
}