{
	"credit": "Made with Blockbench",
	"textures": {
		"0": "arcadiusmc:item/pistol",
		"particle": "arcadiusmc:item/pistol"
	},
	"elements": [
		{
			"name": "pistol_0",
			"from": [7.60185, 11.25926, 9.76852],
			"to": [8.69444, 16, 12.13889],
			"rotation": {"angle": 0, "axis": "y", "origin": [8.14815, 11.25926, 7.5463]},
			"faces": {
				"north": {"uv": [5.33333, 0, 5.92593, 8], "texture": "#0"},
				"east": {"uv": [3.55556, 0, 5.92593, 8], "texture": "#0"},
				"south": {"uv": [3.55556, 0, 4.14815, 8], "texture": "#0"},
				"west": {"uv": [5.92593, 0, 3.55556, 8], "texture": "#0"},
				"up": {"uv": [3.55556, 0, 5.92593, 1], "rotation": 270, "texture": "#0"},
				"down": {"uv": [3.55556, 7, 5.92593, 8], "rotation": 90, "texture": "#0"}
			}
		},
		{
			"name": "pistol_1",
			"from": [7.60185, 11.85185, 0.28704],
			"to": [8.69444, 16, 2.06481],
			"rotation": {"angle": 0, "axis": "y", "origin": [8.14815, 11.25926, 7.5463]},
			"faces": {
				"north": {"uv": [14.81481, 0, 15.40741, 7], "texture": "#0"},
				"east": {"uv": [13.62963, 0, 15.40741, 7], "texture": "#0"},
				"south": {"uv": [13.62963, 0, 14.22222, 7], "texture": "#0"},
				"west": {"uv": [15.40741, 0, 13.62963, 7], "texture": "#0"},
				"up": {"uv": [13.62963, 0, 15.40741, 1], "rotation": 270, "texture": "#0"},
				"down": {"uv": [13.62963, 6, 15.40741, 7], "rotation": 90, "texture": "#0"}
			}
		},
		{
			"name": "pistol_2",
			"from": [7.60185, 6.51852, 12.13889],
			"to": [8.69444, 15.40741, 13.32407],
			"rotation": {"angle": 0, "axis": "y", "origin": [8.14815, 11.25926, 7.5463]},
			"faces": {
				"north": {"uv": [2.96296, 1, 3.55556, 16], "texture": "#0"},
				"east": {"uv": [2.37037, 1, 3.55556, 16], "texture": "#0"},
				"south": {"uv": [2.37037, 1, 2.96296, 16], "texture": "#0"},
				"west": {"uv": [3.55556, 1, 2.37037, 16], "texture": "#0"},
				"up": {"uv": [2.37037, 1, 3.55556, 2], "rotation": 270, "texture": "#0"},
				"down": {"uv": [2.37037, 15, 3.55556, 16], "rotation": 90, "texture": "#0"}
			}
		},
		{
			"name": "pistol_3",
			"from": [7.60185, 11.25926, 2.06481],
			"to": [8.69444, 15.40741, 9.76852],
			"rotation": {"angle": 0, "axis": "y", "origin": [8.14815, 11.25926, 7.5463]},
			"faces": {
				"north": {"uv": [13.03704, 1, 13.62963, 8], "texture": "#0"},
				"east": {"uv": [5.92593, 1, 13.62963, 8], "texture": "#0"},
				"south": {"uv": [5.92593, 1, 6.51852, 8], "texture": "#0"},
				"west": {"uv": [13.62963, 1, 5.92593, 8], "texture": "#0"},
				"up": {"uv": [5.92593, 1, 13.62963, 2], "rotation": 270, "texture": "#0"},
				"down": {"uv": [5.92593, 7, 13.62963, 8], "rotation": 90, "texture": "#0"}
			}
		},
		{
			"name": "pistol_4",
			"from": [7.60185, 13.62963, 14.50926],
			"to": [8.69444, 14.81481, 15.10185],
			"rotation": {"angle": 0, "axis": "y", "origin": [8.14815, 11.25926, 7.5463]},
			"faces": {
				"north": {"uv": [0.59259, 2, 1.18519, 4], "texture": "#0"},
				"east": {"uv": [0.59259, 2, 1.18519, 4], "texture": "#0"},
				"south": {"uv": [0.59259, 2, 1.18519, 4], "texture": "#0"},
				"west": {"uv": [1.18519, 2, 0.59259, 4], "texture": "#0"},
				"up": {"uv": [0.59259, 2, 1.18519, 3], "rotation": 270, "texture": "#0"},
				"down": {"uv": [0.59259, 3, 1.18519, 4], "rotation": 90, "texture": "#0"}
			}
		},
		{
			"name": "pistol_5",
			"from": [7.60185, 6.51852, 13.32407],
			"to": [8.69444, 14.81481, 13.91667],
			"rotation": {"angle": 0, "axis": "y", "origin": [8.14815, 11.25926, 7.5463]},
			"faces": {
				"north": {"uv": [1.77778, 2, 2.37037, 16], "texture": "#0"},
				"east": {"uv": [1.77778, 2, 2.37037, 16], "texture": "#0"},
				"south": {"uv": [1.77778, 2, 2.37037, 16], "texture": "#0"},
				"west": {"uv": [2.37037, 2, 1.77778, 16], "texture": "#0"},
				"up": {"uv": [1.77778, 2, 2.37037, 3], "rotation": 270, "texture": "#0"},
				"down": {"uv": [1.77778, 15, 2.37037, 16], "rotation": 90, "texture": "#0"}
			}
		},
		{
			"name": "pistol_6",
			"from": [7.60185, 13.03704, -0.30556],
			"to": [8.69444, 14.81481, 0.28704],
			"rotation": {"angle": 0, "axis": "y", "origin": [8.14815, 11.25926, 7.5463]},
			"faces": {
				"north": {"uv": [15.40741, 2, 16, 5], "texture": "#0"},
				"east": {"uv": [15.40741, 2, 16, 5], "texture": "#0"},
				"south": {"uv": [15.40741, 2, 16, 5], "texture": "#0"},
				"west": {"uv": [16, 2, 15.40741, 5], "texture": "#0"},
				"up": {"uv": [15.40741, 2, 16, 3], "rotation": 270, "texture": "#0"},
				"down": {"uv": [15.40741, 4, 16, 5], "rotation": 90, "texture": "#0"}
			}
		},
		{
			"name": "pistol_7",
			"from": [7.60185, 11.25926, 13.91667],
			"to": [8.69444, 14.22222, 14.50926],
			"rotation": {"angle": 0, "axis": "y", "origin": [8.14815, 11.25926, 7.5463]},
			"faces": {
				"north": {"uv": [1.18519, 3, 1.77778, 8], "texture": "#0"},
				"east": {"uv": [1.18519, 3, 1.77778, 8], "texture": "#0"},
				"south": {"uv": [1.18519, 3, 1.77778, 8], "texture": "#0"},
				"west": {"uv": [1.77778, 3, 1.18519, 8], "texture": "#0"},
				"up": {"uv": [1.18519, 3, 1.77778, 4], "rotation": 270, "texture": "#0"},
				"down": {"uv": [1.18519, 7, 1.77778, 8], "rotation": 90, "texture": "#0"}
			}
		},
		{
			"name": "pistol_8",
			"from": [7.60185, 11.25926, 14.50926],
			"to": [8.69444, 11.85185, 15.69444],
			"rotation": {"angle": 0, "axis": "y", "origin": [8.14815, 11.25926, 7.5463]},
			"faces": {
				"north": {"uv": [0.59259, 7, 1.18519, 8], "texture": "#0"},
				"east": {"uv": [0, 7, 1.18519, 8], "texture": "#0"},
				"south": {"uv": [0, 7, 0.59259, 8], "texture": "#0"},
				"west": {"uv": [1.18519, 7, 0, 8], "texture": "#0"},
				"up": {"uv": [0, 7, 1.18519, 8], "rotation": 270, "texture": "#0"},
				"down": {"uv": [0, 7, 1.18519, 8], "rotation": 90, "texture": "#0"}
			}
		},
		{
			"name": "pistol_9",
			"from": [7.60185, 11.25926, 0.87963],
			"to": [8.69444, 11.85185, 2.06481],
			"rotation": {"angle": 0, "axis": "y", "origin": [8.14815, 11.25926, 7.5463]},
			"faces": {
				"north": {"uv": [14.22222, 7, 14.81481, 8], "texture": "#0"},
				"east": {"uv": [13.62963, 7, 14.81481, 8], "texture": "#0"},
				"south": {"uv": [13.62963, 7, 14.22222, 8], "texture": "#0"},
				"west": {"uv": [14.81481, 7, 13.62963, 8], "texture": "#0"},
				"up": {"uv": [13.62963, 7, 14.81481, 8], "rotation": 270, "texture": "#0"},
				"down": {"uv": [13.62963, 7, 14.81481, 8], "rotation": 90, "texture": "#0"}
			}
		},
		{
			"name": "pistol_10",
			"from": [7.60185, 9.48148, 10.9537],
			"to": [8.69444, 11.25926, 12.13889],
			"rotation": {"angle": 0, "axis": "y", "origin": [8.14815, 11.25926, 7.5463]},
			"faces": {
				"north": {"uv": [4.14815, 8, 4.74074, 11], "texture": "#0"},
				"east": {"uv": [3.55556, 8, 4.74074, 11], "texture": "#0"},
				"south": {"uv": [3.55556, 8, 4.14815, 11], "texture": "#0"},
				"west": {"uv": [4.74074, 8, 3.55556, 11], "texture": "#0"},
				"up": {"uv": [3.55556, 8, 4.74074, 9], "rotation": 270, "texture": "#0"},
				"down": {"uv": [3.55556, 10, 4.74074, 11], "rotation": 90, "texture": "#0"}
			}
		},
		{
			"name": "pistol_11",
			"from": [7.60185, 10.07407, 9.17593],
			"to": [8.69444, 11.25926, 9.76852],
			"rotation": {"angle": 0, "axis": "y", "origin": [8.14815, 11.25926, 7.5463]},
			"faces": {
				"north": {"uv": [5.92593, 8, 6.51852, 10], "texture": "#0"},
				"east": {"uv": [5.92593, 8, 6.51852, 10], "texture": "#0"},
				"south": {"uv": [5.92593, 8, 6.51852, 10], "texture": "#0"},
				"west": {"uv": [6.51852, 8, 5.92593, 10], "texture": "#0"},
				"up": {"uv": [5.92593, 8, 6.51852, 9], "rotation": 270, "texture": "#0"},
				"down": {"uv": [5.92593, 9, 6.51852, 10], "rotation": 90, "texture": "#0"}
			}
		},
		{
			"name": "pistol_12",
			"from": [7.60185, 6.51852, 13.91667],
			"to": [8.69444, 10.07407, 14.50926],
			"rotation": {"angle": 0, "axis": "y", "origin": [8.14815, 11.25926, 7.5463]},
			"faces": {
				"north": {"uv": [1.18519, 10, 1.77778, 16], "texture": "#0"},
				"east": {"uv": [1.18519, 10, 1.77778, 16], "texture": "#0"},
				"south": {"uv": [1.18519, 10, 1.77778, 16], "texture": "#0"},
				"west": {"uv": [1.77778, 10, 1.18519, 16], "texture": "#0"},
				"up": {"uv": [1.18519, 10, 1.77778, 11], "rotation": 270, "texture": "#0"},
				"down": {"uv": [1.18519, 15, 1.77778, 16], "rotation": 90, "texture": "#0"}
			}
		},
		{
			"name": "pistol_13",
			"from": [7.60185, 9.48148, 9.76852],
			"to": [8.69444, 10.07407, 10.9537],
			"rotation": {"angle": 0, "axis": "y", "origin": [8.14815, 11.25926, 7.5463]},
			"faces": {
				"north": {"uv": [5.33333, 10, 5.92593, 11], "texture": "#0"},
				"east": {"uv": [4.74074, 10, 5.92593, 11], "texture": "#0"},
				"south": {"uv": [4.74074, 10, 5.33333, 11], "texture": "#0"},
				"west": {"uv": [5.92593, 10, 4.74074, 11], "texture": "#0"},
				"up": {"uv": [4.74074, 10, 5.92593, 11], "rotation": 270, "texture": "#0"},
				"down": {"uv": [4.74074, 10, 5.92593, 11], "rotation": 90, "texture": "#0"}
			}
		}
	],
	"display": {
		"thirdperson_righthand": {
			"translation": [0, -2.25, -2],
			"scale": [0.75, 0.75, 0.75]
		},
		"thirdperson_lefthand": {
			"translation": [0, -2.25, -2],
			"scale": [0.75, 0.75, 0.75]
		},
		"firstperson_righthand": {
			"translation": [0, 0, 0.25],
			"scale": [0.75, 0.75, 0.75]
		},
		"firstperson_lefthand": {
			"translation": [0, 0, 0.25],
			"scale": [0.75, 0.75, 0.75]
		},
		"gui": {
			"rotation": [0, -90, 0],
			"translation": [-0.25, -3.5, 0]
		},
		"head": {
			"rotation": [180, -90, 180],
			"translation": [0, 4.75, -9.5],
			"scale": [1, 1.35, 2.13]
		},
		"fixed": {
			"rotation": [0, -90, 0],
			"translation": [0, -4.25, 0]
		}
	},
	"groups": [
		{
			"name": "pistol",
			"origin": [8, 8, 8],
			"color": 0,
			"children": [0, 1, 2, 3, 4, 5, 6, 7, 8, 9, 10, 11, 12, 13]
		}
	]
}