{
	"credit": "Made with Blockbench",
	"texture_size": [64, 64],
	"textures": {
		"0": "arcadiusmc:item/rags_hat",
		"particle": "arcadiusmc:item/rags_hat"
	},
	"elements": [
		{
			"from": [1.85, 0, 3],
			"to": [13.85, 6, 13],
			"rotation": {"angle": 0, "axis": "y", "origin": [16, 0, 0]},
			"faces": {
				"north": {"uv": [0, 5, 3, 6.5], "texture": "#0"},
				"east": {"uv": [6.5, 0, 9, 1.5], "texture": "#0"},
				"south": {"uv": [0, 6.5, 3, 8], "texture": "#0"},
				"west": {"uv": [6.5, 0, 9, 1.5], "texture": "#0"},
				"up": {"uv": [3, 2.5, 0, 0], "texture": "#0"},
				"down": {"uv": [3, 2.5, 0, 5], "texture": "#0"}
			}
		},
		{
			"from": [1.85, 0, 2],
			"to": [13.85, 5, 3],
			"rotation": {"angle": 0, "axis": "y", "origin": [16, 0, 0]},
			"faces": {
				"north": {"uv": [3, 6.5, 6, 7.75], "texture": "#0"},
				"east": {"uv": [2.5, 8.25, 2.75, 9.5], "texture": "#0"},
				"south": {"uv": [6.5, 3, 9.5, 4.25], "texture": "#0"},
				"west": {"uv": [2.75, 8.25, 3, 9.5], "texture": "#0"},
				"up": {"uv": [9, 7, 6, 6.75], "texture": "#0"},
				"down": {"uv": [9, 7, 6, 7.25], "texture": "#0"}
			}
		},
		{
			"from": [2.85, 5, 2],
			"to": [12.85, 6, 3],
			"rotation": {"angle": 0, "axis": "y", "origin": [16, 0, 0]},
			"faces": {
				"north": {"uv": [3, 7.75, 5.5, 8], "texture": "#0"},
				"east": {"uv": [6, 6.5, 6.25, 6.75], "texture": "#0"},
				"south": {"uv": [5.5, 7.75, 8, 8], "texture": "#0"},
				"west": {"uv": [6.25, 6.5, 6.5, 6.75], "texture": "#0"},
				"up": {"uv": [2.5, 8.25, 0, 8], "texture": "#0"},
				"down": {"uv": [5, 8, 2.5, 8.25], "texture": "#0"}
			}
		},
		{
			"from": [2.85, 5, 13],
			"to": [12.85, 6, 14],
			"rotation": {"angle": 0, "axis": "y", "origin": [16, 0, 0]},
			"faces": {
				"north": {"uv": [5, 8, 7.5, 8.25], "texture": "#0"},
				"east": {"uv": [3.5, 8.25, 3.75, 8.5], "texture": "#0"},
				"south": {"uv": [7.5, 8, 10, 8.25], "texture": "#0"},
				"west": {"uv": [3.75, 8.25, 4, 8.5], "texture": "#0"},
				"up": {"uv": [10.5, 8, 8, 7.75], "texture": "#0"},
				"down": {"uv": [2.5, 8.25, 0, 8.5], "texture": "#0"}
			}
		},
		{
			"from": [1.85, 0, 13],
			"to": [13.85, 5, 14],
			"rotation": {"angle": 0, "axis": "y", "origin": [16, 0, 0]},
			"faces": {
				"north": {"uv": [6.5, 4.25, 9.5, 5.5], "texture": "#0"},
				"east": {"uv": [3, 8.25, 3.25, 9.5], "texture": "#0"},
				"south": {"uv": [6.5, 5.5, 9.5, 6.75], "texture": "#0"},
				"west": {"uv": [3.25, 8.25, 3.5, 9.5], "texture": "#0"},
				"up": {"uv": [9, 7.5, 6, 7.25], "texture": "#0"},
				"down": {"uv": [9, 7.5, 6, 7.75], "texture": "#0"}
			}
		},
		{
			"from": [7.85, -7, 14],
			"to": [7.85, 6, 21],
			"rotation": {"angle": 22.5, "axis": "y", "origin": [8, 0, 14]},
			"faces": {
				"north": {"uv": [3, 0, 4.75, 3.25], "texture": "#0"},
				"east": {"uv": [3, 0, 4.75, 3.25], "texture": "#0"},
				"south": {"uv": [3, 0, 4.75, 3.25], "texture": "#0"},
				"west": {"uv": [4.75, 0, 3, 3.25], "texture": "#0"},
				"up": {"uv": [3, 0, 4.75, 3.25], "texture": "#0"},
				"down": {"uv": [3, 0, 4.75, 3.25], "texture": "#0"}
			}
		},
		{
			"from": [7.85, -7, 14],
			"to": [7.85, 6, 21],
			"rotation": {"angle": -22.5, "axis": "y", "origin": [8, 0, 14]},
			"faces": {
				"north": {"uv": [4.75, 3.25, 6.5, 6.5], "texture": "#0"},
				"east": {"uv": [6.5, 3.25, 4.75, 6.5], "texture": "#0"},
				"south": {"uv": [4.75, 3.25, 6.5, 6.5], "texture": "#0"},
				"west": {"uv": [4.75, 3.25, 6.5, 6.5], "texture": "#0"},
				"up": {"uv": [4.75, 3.25, 6.5, 6.5], "texture": "#0"},
				"down": {"uv": [4.75, 3.25, 6.5, 6.5], "texture": "#0"}
			}
		}
	],
	"gui_light": "front",
	"display": {
		"thirdperson_righthand": {
			"translation": [0, 3, 0],
			"scale": [0.5, 0.5, 0.5]
		},
		"thirdperson_lefthand": {
			"translation": [0, 2.75, 0],
			"scale": [0.5, 0.5, 0.5]
		},
		"firstperson_righthand": {
			"translation": [0, 4, 0]
		},
		"firstperson_lefthand": {
			"translation": [0, 3.75, 0]
		},
		"ground": {
			"translation": [0, 2.75, 0],
			"scale": [0.5, 0.5, 0.5]
		},
		"gui": {
			"rotation": [-130.93, -69.57, -169.13],
			"translation": [1.75, 2.5, 0],
			"scale": [0.79, 0.79, 0.79]
		},
		"head": {
			"rotation": [10.75, 0, 0],
			"translation": [0, 11, 1.25],
			"scale": [1.3, 1.3, 1.3]
		},
		"fixed": {
			"rotation": [-90, 0, 0],
			"translation": [0, -1.25, -6.75]
		}
	},
	"groups": [
		{
			"name": "group",
			"origin": [8, 8, 8],
			"color": 0,
			"children": [0, 1, 2, 3, 4, 5, 6]
		}
	]
}