{
	"credit": "Made with Blockbench",
	"texture_size": [64, 64],
	"textures": {
		"0": "arcadiusmc:item/roman_helmet_feathers",
		"particle": "arcadiusmc:item/roman_helmet_feathers"
	},
	"elements": [
		{
			"from": [7, 17, 3.5],
			"to": [9, 19, 11.5],
			"faces": {
				"north": {"uv": [12, 4.5, 12.5, 5], "texture": "#0"},
				"east": {"uv": [10.5, 9.25, 12.5, 9.75], "texture": "#0"},
				"south": {"uv": [12.5, 4.5, 13, 5], "texture": "#0"},
				"west": {"uv": [12.5, 9.25, 10.5, 9.75], "texture": "#0"},
				"up": {"uv": [11, 12.25, 10.5, 10.25], "texture": "#0"},
				"down": {"uv": [0.5, 10.75, 0, 12.75], "texture": "#0"}
			}
		},
		{
			"from": [8, 17, -0.5],
			"to": [8, 30, 15.5],
			"faces": {
				"north": {"uv": [12, 12.75, 16, 16], "texture": "#0"},
				"east": {"uv": [12, 12.75, 16, 16], "texture": "#0"},
				"south": {"uv": [12, 12.75, 16, 16], "texture": "#0"},
				"west": {"uv": [16, 12.75, 12, 16], "texture": "#0"},
				"up": {"uv": [12, 12.75, 16, 16], "texture": "#0"},
				"down": {"uv": [12, 12.75, 16, 16], "texture": "#0"}
			}
		},
		{
			"from": [1, 11, 2],
			"to": [15, 17, 14],
			"faces": {
				"north": {"uv": [7, 5, 10.5, 6.5], "texture": "#0"},
				"east": {"uv": [9.5, 8, 6.5, 9.5], "texture": "#0"},
				"south": {"uv": [7, 6.5, 10.5, 8], "texture": "#0"},
				"west": {"uv": [6.5, 8, 9.5, 9.5], "texture": "#0"},
				"up": {"uv": [3.5, 3, 0, 0], "texture": "#0"},
				"down": {"uv": [3.5, 3, 0, 6], "texture": "#0"}
			}
		},
		{
			"from": [1, 11, 1],
			"to": [15, 16, 2],
			"faces": {
				"north": {"uv": [0, 8.5, 3.5, 9.75], "texture": "#0"},
				"east": {"uv": [8.5, 11.75, 8.75, 13], "texture": "#0"},
				"south": {"uv": [3.5, 9.5, 7, 10.75], "texture": "#0"},
				"west": {"uv": [10, 12, 10.25, 13.25], "texture": "#0"},
				"up": {"uv": [14.75, 5.75, 11.25, 5.5], "texture": "#0"},
				"down": {"uv": [14.75, 5.75, 11.25, 6], "texture": "#0"}
			}
		},
		{
			"from": [2, 16, 1],
			"to": [14, 17, 2],
			"faces": {
				"north": {"uv": [11, 11.5, 14, 11.75], "texture": "#0"},
				"east": {"uv": [9.5, 9.25, 9.75, 9.5], "texture": "#0"},
				"south": {"uv": [0.5, 11.75, 3.5, 12], "texture": "#0"},
				"west": {"uv": [9.75, 9.25, 10, 9.5], "texture": "#0"},
				"up": {"uv": [8.5, 12, 5.5, 11.75], "texture": "#0"},
				"down": {"uv": [14.75, 10.25, 11.75, 10.5], "texture": "#0"}
			}
		},
		{
			"from": [1, 11, 14],
			"to": [15, 16, 15],
			"faces": {
				"north": {"uv": [7, 9.5, 10.5, 10.75], "texture": "#0"},
				"east": {"uv": [4, 12.75, 4.25, 14], "texture": "#0"},
				"south": {"uv": [9.5, 8, 13, 9.25], "texture": "#0"},
				"west": {"uv": [4.25, 12.75, 4.5, 14], "texture": "#0"},
				"up": {"uv": [14.75, 6.25, 11.25, 6], "texture": "#0"},
				"down": {"uv": [14.75, 6.25, 11.25, 6.5], "texture": "#0"}
			}
		},
		{
			"from": [2, 16, 14],
			"to": [14, 17, 15],
			"faces": {
				"north": {"uv": [11.75, 10.5, 14.75, 10.75], "texture": "#0"},
				"east": {"uv": [10, 9.25, 10.25, 9.5], "texture": "#0"},
				"south": {"uv": [11.75, 10.75, 14.75, 11], "texture": "#0"},
				"west": {"uv": [10.25, 9.25, 10.5, 9.5], "texture": "#0"},
				"up": {"uv": [14, 12, 11, 11.75], "texture": "#0"},
				"down": {"uv": [14.75, 11, 11.75, 11.25], "texture": "#0"}
			}
		},
		{
			"from": [1, 1, 1],
			"to": [1, 11, 15],
			"faces": {
				"north": {"uv": [7, 2.5, 10.5, 5], "texture": "#0"},
				"east": {"uv": [10.5, 2.5, 7, 5], "texture": "#0"},
				"south": {"uv": [7, 2.5, 10.5, 5], "texture": "#0"},
				"west": {"uv": [7, 2.5, 10.5, 5], "texture": "#0"},
				"up": {"uv": [7, 2.5, 10.5, 5], "texture": "#0"},
				"down": {"uv": [7, 2.5, 10.5, 5], "texture": "#0"}
			}
		},
		{
			"from": [15, 1, 1],
			"to": [15, 11, 15],
			"faces": {
				"north": {"uv": [7, 2.5, 10.5, 5], "texture": "#0"},
				"east": {"uv": [10.5, 2.5, 7, 5], "texture": "#0"},
				"south": {"uv": [7, 2.5, 10.5, 5], "texture": "#0"},
				"west": {"uv": [7, 2.5, 10.5, 5], "texture": "#0"},
				"up": {"uv": [7, 2.5, 10.5, 5], "texture": "#0"},
				"down": {"uv": [7, 2.5, 10.5, 5], "texture": "#0"}
			}
		},
		{
			"from": [1, 0, 15],
			"to": [15, 11, 15],
			"faces": {
				"north": {"uv": [7, 2.75, 3.5, 5.5], "texture": "#0"},
				"east": {"uv": [3.5, 2.75, 7, 5.5], "texture": "#0"},
				"south": {"uv": [3.5, 2.75, 7, 5.5], "texture": "#0"},
				"west": {"uv": [3.5, 2.75, 7, 5.5], "texture": "#0"},
				"up": {"uv": [3.5, 2.75, 7, 5.5], "texture": "#0"},
				"down": {"uv": [3.5, 2.75, 7, 5.5], "texture": "#0"}
			}
		},
		{
			"from": [7.1, 12.05, -1.25],
			"to": [8.9, 17.05, 1.5],
			"faces": {
				"north": {"uv": [3.5, 11.75, 4, 13], "texture": "#0"},
				"east": {"uv": [9.5, 10.75, 10.25, 12], "texture": "#0"},
				"south": {"uv": [0.5, 12, 1, 13.25], "texture": "#0"},
				"west": {"uv": [11, 10.25, 11.75, 11.5], "texture": "#0"},
				"up": {"uv": [8.5, 12.75, 8, 12], "texture": "#0"},
				"down": {"uv": [10, 12, 9.5, 12.75], "texture": "#0"}
			}
		},
		{
			"from": [7, 7.05, -2.5],
			"to": [9, 13.05, 0.5],
			"rotation": {"angle": 22.5, "axis": "x", "origin": [8, 9.55, 0]},
			"faces": {
				"north": {"uv": [4, 11.25, 4.5, 12.75], "texture": "#0"},
				"east": {"uv": [10.5, 5, 11.25, 6.5], "texture": "#0"},
				"south": {"uv": [8.75, 11.25, 9.25, 12.75], "texture": "#0"},
				"west": {"uv": [10.5, 6.5, 11.25, 8], "texture": "#0"},
				"up": {"uv": [12.75, 1.5, 12.25, 0.75], "texture": "#0"},
				"down": {"uv": [11, 12.25, 10.5, 13], "texture": "#0"}
			}
		},
		{
			"from": [8, 11, -1],
			"to": [15.175, 15, 1],
			"rotation": {"angle": 22.5, "axis": "z", "origin": [12, 12.5, 0]},
			"faces": {
				"north": {"uv": [0, 9.75, 1.75, 10.75], "texture": "#0"},
				"east": {"uv": [6, 12, 6.5, 13], "texture": "#0"},
				"south": {"uv": [1.75, 9.75, 0, 10.75], "texture": "#0"},
				"west": {"uv": [6.5, 12, 7, 13], "texture": "#0"},
				"up": {"uv": [2.25, 11.75, 0.5, 11.25], "texture": "#0"},
				"down": {"uv": [4, 11.25, 2.25, 11.75], "texture": "#0"}
			}
		},
		{
			"from": [8.5, 3.625, -0.625],
			"to": [14.5, 6.625, 1.375],
			"rotation": {"angle": -22.5, "axis": "y", "origin": [13.5, 6.125, 0.375]},
			"faces": {
				"north": {"uv": [10.5, 2, 12, 2.75], "texture": "#0"},
				"east": {"uv": [11, 12, 11.5, 12.75], "texture": "#0"},
				"south": {"uv": [12, 2, 10.5, 2.75], "texture": "#0"},
				"west": {"uv": [11.5, 12, 12, 12.75], "texture": "#0"},
				"up": {"uv": [12.75, 7, 11.25, 6.5], "texture": "#0"},
				"down": {"uv": [12.75, 7, 11.25, 7.5], "texture": "#0"}
			}
		},
		{
			"from": [1.5, 3.625, -0.625],
			"to": [7.5, 6.625, 1.375],
			"rotation": {"angle": 22.5, "axis": "y", "origin": [2.5, 6.125, 0.375]},
			"faces": {
				"north": {"uv": [12, 2, 10.5, 2.75], "texture": "#0"},
				"east": {"uv": [12, 12, 11.5, 12.75], "texture": "#0"},
				"south": {"uv": [10.5, 2, 12, 2.75], "texture": "#0"},
				"west": {"uv": [11.5, 12, 11, 12.75], "texture": "#0"},
				"up": {"uv": [11.25, 7, 12.75, 6.5], "texture": "#0"},
				"down": {"uv": [11.25, 7, 12.75, 7.5], "texture": "#0"}
			}
		},
		{
			"from": [12.5, 6.625, -0.625],
			"to": [14.5, 11.925, 1.375],
			"rotation": {"angle": -22.5, "axis": "y", "origin": [13.5, 9.275, 0.375]},
			"faces": {
				"north": {"uv": [1, 12, 1.5, 13.25], "texture": "#0"},
				"east": {"uv": [1.5, 12, 2, 13.25], "texture": "#0"},
				"south": {"uv": [1.5, 12, 1, 13.25], "texture": "#0"},
				"west": {"uv": [12, 2, 12.5, 3.25], "texture": "#0"},
				"up": {"uv": [5.5, 13.25, 5, 12.75], "texture": "#0"},
				"down": {"uv": [13.25, 6.5, 12.75, 7], "texture": "#0"}
			}
		},
		{
			"from": [1.5, 6.625, -0.625],
			"to": [3.5, 11.925, 1.375],
			"rotation": {"angle": 22.5, "axis": "y", "origin": [2.5, 9.275, 0.375]},
			"faces": {
				"north": {"uv": [1.5, 12, 1, 13.25], "texture": "#0"},
				"east": {"uv": [12.5, 2, 12, 3.25], "texture": "#0"},
				"south": {"uv": [1, 12, 1.5, 13.25], "texture": "#0"},
				"west": {"uv": [2, 12, 1.5, 13.25], "texture": "#0"},
				"up": {"uv": [5, 13.25, 5.5, 12.75], "texture": "#0"},
				"down": {"uv": [12.75, 6.5, 13.25, 7], "texture": "#0"}
			}
		},
		{
			"from": [0.85, 11, -1],
			"to": [8, 15, 1],
			"rotation": {"angle": -22.5, "axis": "z", "origin": [4, 12.5, 0]},
			"faces": {
				"north": {"uv": [10.5, 0, 12.25, 1], "texture": "#0"},
				"east": {"uv": [7, 12, 7.5, 13], "texture": "#0"},
				"south": {"uv": [12.25, 0, 10.5, 1], "texture": "#0"},
				"west": {"uv": [7.5, 12, 8, 13], "texture": "#0"},
				"up": {"uv": [13, 5.5, 11.25, 5], "texture": "#0"},
				"down": {"uv": [2.25, 11.25, 4, 11.75], "texture": "#0"}
			}
		},
		{
			"from": [5.625, 0.65, -2],
			"to": [7.625, 3.65, 0],
			"rotation": {"angle": 22.5, "axis": "y", "origin": [6.025, 2.575, 0]},
			"faces": {
				"north": {"uv": [12.5, 1.5, 13, 2.25], "texture": "#0"},
				"east": {"uv": [12.5, 2.25, 13, 3], "texture": "#0"},
				"south": {"uv": [12.5, 3, 13, 3.75], "texture": "#0"},
				"west": {"uv": [12.5, 3.75, 13, 4.5], "texture": "#0"},
				"up": {"uv": [8.5, 13.25, 8, 12.75], "texture": "#0"},
				"down": {"uv": [9.25, 12.75, 8.75, 13.25], "texture": "#0"}
			}
		},
		{
			"from": [9.15, 0.65, -2.15],
			"to": [11.15, 3.65, -0.15],
			"rotation": {"angle": -22.5, "axis": "y", "origin": [10, 2.6, -2]},
			"faces": {
				"north": {"uv": [12.5, 9.25, 13, 10], "texture": "#0"},
				"east": {"uv": [12.5, 12, 13, 12.75], "texture": "#0"},
				"south": {"uv": [13, 9.25, 12.5, 10], "texture": "#0"},
				"west": {"uv": [12.75, 0, 13.25, 0.75], "texture": "#0"},
				"up": {"uv": [10, 13.25, 9.5, 12.75], "texture": "#0"},
				"down": {"uv": [11.5, 12.75, 11, 13.25], "texture": "#0"}
			}
		}
	],
	"gui_light": "front",
	"display": {
		"thirdperson_righthand": {
			"translation": [0, -1, 0.75],
			"scale": [0.5, 0.5, 0.5]
		},
		"thirdperson_lefthand": {
			"translation": [0, -0.5, 1.75],
			"scale": [0.5, 0.5, 0.5]
		},
		"firstperson_righthand": {
			"rotation": [-180, 55, -180],
			"translation": [0.75, 1.5, -1.5],
			"scale": [0.6, 0.6, 0.6]
		},
		"firstperson_lefthand": {
			"rotation": [-180, 45.25, 180],
			"translation": [0, 3, -1.25],
			"scale": [0.6, 0.6, 0.6]
		},
		"ground": {
			"translation": [0, 2.25, 0],
			"scale": [0.5, 0.5, 0.5]
		},
		"gui": {
			"rotation": [-148, -31.25, 180],
			"translation": [-0.75, -0.75, 0],
			"scale": [0.6, 0.6, 0.6]
		},
		"head": {
			"translation": [0, -1.5, 0.25],
			"scale": [1.1, 1.1, 1.1]
		},
		"fixed": {
			"rotation": [-90, 0, 0],
			"translation": [0, 1, -7.25]
		}
	},
	"groups": [
		{
			"name": "group",
			"origin": [0, 0, 0],
			"color": 0,
			"children": [0, 1, 2, 3, 4, 5, 6, 7, 8, 9]
		},
		{
			"name": "group",
			"origin": [8, 8, 8],
			"color": 0,
			"children": [10, 11, 12, 13, 14, 15, 16, 17, 18, 19]
		}
	]
}