{
	"credit": "Made with Blockbench",
	"texture_size": [64, 64],
	"textures": {
		"0": "arcadiusmc:item/viking_helmet_hornless",
		"particle": "arcadiusmc:item/viking_helmet_hornless"
	},
	"elements": [
		{
			"from": [1, 0, 1],
			"to": [15, 3, 15],
			"faces": {
				"north": {"uv": [3, 7.25, 6.5, 8], "texture": "#0"},
				"east": {"uv": [3, 7.25, 6.5, 8], "texture": "#0"},
				"south": {"uv": [3, 7.25, 6.5, 8], "texture": "#0"},
				"west": {"uv": [3, 7.25, 6.5, 8], "texture": "#0"},
				"up": {"uv": [3.5, 3.5, 0, 0], "texture": "#0"},
				"down": {"uv": [3.5, 3.5, 0, 7], "texture": "#0"}
			}
		},
		{
			"from": [2, 3, 2],
			"to": [14, 8, 14],
			"faces": {
				"north": {"uv": [6.5, 3.75, 9.5, 5], "texture": "#0"},
				"east": {"uv": [6.75, 5, 9.75, 6.25], "texture": "#0"},
				"south": {"uv": [6.75, 6.25, 9.75, 7.5], "texture": "#0"},
				"west": {"uv": [0, 7, 3, 8.25], "texture": "#0"},
				"up": {"uv": [6.5, 3, 3.5, 0], "texture": "#0"},
				"down": {"uv": [6.5, 3, 3.5, 6], "texture": "#0"}
			}
		},
		{
			"from": [6.5, 3, 1.5],
			"to": [9.5, 8.25, 14.5],
			"faces": {
				"north": {"uv": [8, 9, 8.75, 10.25], "texture": "#0"},
				"east": {"uv": [3.5, 6, 6.75, 7.25], "texture": "#0"},
				"south": {"uv": [8.75, 9, 9.5, 10.25], "texture": "#0"},
				"west": {"uv": [6.5, 0, 9.75, 1.25], "texture": "#0"},
				"up": {"uv": [0.75, 11.5, 0, 8.25], "texture": "#0"},
				"down": {"uv": [1.5, 8.25, 0.75, 11.5], "texture": "#0"}
			}
		},
		{
			"from": [6.5, 8.2, 6.5],
			"to": [9.5, 9.25, 9.5],
			"faces": {
				"north": {"uv": [4.75, 8.75, 5.5, 9], "texture": "#0"},
				"east": {"uv": [5.5, 8.75, 6.25, 9], "texture": "#0"},
				"south": {"uv": [2, 10.75, 2.75, 11], "texture": "#0"},
				"west": {"uv": [10.75, 3.75, 11.5, 4], "texture": "#0"},
				"up": {"uv": [10.5, 7.5, 9.75, 6.75], "texture": "#0"},
				"down": {"uv": [10.25, 9.75, 9.5, 10.5], "texture": "#0"}
			}
		},
		{
			"from": [1.5, 3, 6.5],
			"to": [14.5, 8.275, 9.5],
			"faces": {
				"north": {"uv": [6.5, 1.25, 9.75, 2.5], "texture": "#0"},
				"east": {"uv": [1.5, 9.5, 2.25, 10.75], "texture": "#0"},
				"south": {"uv": [6.5, 2.5, 9.75, 3.75], "texture": "#0"},
				"west": {"uv": [2.25, 9.5, 3, 10.75], "texture": "#0"},
				"up": {"uv": [4.75, 9.5, 1.5, 8.75], "texture": "#0"},
				"down": {"uv": [8, 9, 4.75, 9.75], "texture": "#0"}
			}
		}
	],
	"gui_light": "front",
	"display": {
		"thirdperson_righthand": {
			"translation": [0, 2, 0],
			"scale": [0.5, 0.5, 0.5]
		},
		"thirdperson_lefthand": {
			"translation": [0, 1.75, 0],
			"scale": [0.5, 0.5, 0.5]
		},
		"firstperson_righthand": {
			"rotation": [20.75, 0, 23.5],
			"translation": [-2, 3.75, 0],
			"scale": [0.7, 0.7, 0.7]
		},
		"firstperson_lefthand": {
			"rotation": [28.41, 4.25, 15.39],
			"translation": [0, 4.5, 0.25],
			"scale": [0.7, 0.7, 0.7]
		},
		"ground": {
			"translation": [0, 5.75, 0],
			"scale": [0.5, 0.5, 0.5]
		},
		"gui": {
			"rotation": [26.25, 14.5, 0],
			"translation": [0, 1.25, 0],
			"scale": [0.7, 0.7, 0.7]
		},
		"head": {
			"translation": [0, 10.25, 0],
			"scale": [1.21, 1.21, 1.21]
		},
		"fixed": {
			"rotation": [-90, 0, 0],
			"translation": [0, 0, -8]
		}
	},
	"groups": [
		{
			"name": "group",
			"origin": [8, 8, 8],
			"color": 0,
			"children": [0, 1, 2, 3, 4]
		},
		{
			"name": "group",
			"origin": [8, 8, 8],
			"color": 0,
			"children": []
		},
		{
			"name": "group",
			"origin": [8, 8, 8],
			"color": 0,
			"children": []
		}
	]
}