{
	"credit": "Made with Blockbench",
	"texture_size": [64, 64],
	"textures": {
		"0": "arcadiusmc:item/viking_helmet",
		"particle": "arcadiusmc:item/viking_helmet"
	},
	"elements": [
		{
			"from": [1, 0, 1],
			"to": [15, 3, 15],
			"faces": {
				"north": {"uv": [3, 7.25, 6.5, 8], "texture": "#0"},
				"east": {"uv": [3, 7.25, 6.5, 8], "texture": "#0"},
				"south": {"uv": [3, 7.25, 6.5, 8], "texture": "#0"},
				"west": {"uv": [3, 7.25, 6.5, 8], "texture": "#0"},
				"up": {"uv": [3.5, 3.5, 0, 0], "texture": "#0"},
				"down": {"uv": [3.5, 3.5, 0, 7], "texture": "#0"}
			}
		},
		{
			"from": [2, 3, 2],
			"to": [14, 8, 14],
			"faces": {
				"north": {"uv": [6.5, 3.75, 9.5, 5], "texture": "#0"},
				"east": {"uv": [6.75, 5, 9.75, 6.25], "texture": "#0"},
				"south": {"uv": [6.75, 6.25, 9.75, 7.5], "texture": "#0"},
				"west": {"uv": [0, 7, 3, 8.25], "texture": "#0"},
				"up": {"uv": [6.5, 3, 3.5, 0], "texture": "#0"},
				"down": {"uv": [6.5, 3, 3.5, 6], "texture": "#0"}
			}
		},
		{
			"from": [6.5, 3, 1.5],
			"to": [9.5, 8.25, 14.5],
			"faces": {
				"north": {"uv": [8, 9, 8.75, 10.25], "texture": "#0"},
				"east": {"uv": [3.5, 6, 6.75, 7.25], "texture": "#0"},
				"south": {"uv": [8.75, 9, 9.5, 10.25], "texture": "#0"},
				"west": {"uv": [6.5, 0, 9.75, 1.25], "texture": "#0"},
				"up": {"uv": [0.75, 11.5, 0, 8.25], "texture": "#0"},
				"down": {"uv": [1.5, 8.25, 0.75, 11.5], "texture": "#0"}
			}
		},
		{
			"from": [6.5, 8.2, 6.5],
			"to": [9.5, 9.25, 9.5],
			"faces": {
				"north": {"uv": [4.75, 8.75, 5.5, 9], "texture": "#0"},
				"east": {"uv": [5.5, 8.75, 6.25, 9], "texture": "#0"},
				"south": {"uv": [2, 10.75, 2.75, 11], "texture": "#0"},
				"west": {"uv": [10.75, 3.75, 11.5, 4], "texture": "#0"},
				"up": {"uv": [10.5, 7.5, 9.75, 6.75], "texture": "#0"},
				"down": {"uv": [10.25, 9.75, 9.5, 10.5], "texture": "#0"}
			}
		},
		{
			"from": [1.5, 3, 6.5],
			"to": [14.5, 8.275, 9.5],
			"faces": {
				"north": {"uv": [6.5, 1.25, 9.75, 2.5], "texture": "#0"},
				"east": {"uv": [1.5, 9.5, 2.25, 10.75], "texture": "#0"},
				"south": {"uv": [6.5, 2.5, 9.75, 3.75], "texture": "#0"},
				"west": {"uv": [2.25, 9.5, 3, 10.75], "texture": "#0"},
				"up": {"uv": [4.75, 9.5, 1.5, 8.75], "texture": "#0"},
				"down": {"uv": [8, 9, 4.75, 9.75], "texture": "#0"}
			}
		},
		{
			"from": [12.6, 1.5, 6.6],
			"to": [15.4, 4.25, 9.4],
			"rotation": {"angle": -45, "axis": "z", "origin": [17, 3.5, 8]},
			"faces": {
				"north": {"uv": [3, 9.5, 3.75, 10.25], "texture": "#0"},
				"east": {"uv": [3.75, 9.5, 4.5, 10.25], "texture": "#0"},
				"south": {"uv": [3.75, 9.5, 3, 10.25], "texture": "#0"},
				"west": {"uv": [9.5, 9, 10.25, 9.75], "texture": "#0"},
				"up": {"uv": [10.5, 0.75, 9.75, 0], "texture": "#0"},
				"down": {"uv": [10.5, 0.75, 9.75, 1.5], "texture": "#0"}
			}
		},
		{
			"from": [12.7, 4.25, 6.7],
			"to": [15.3, 6.25, 9.3],
			"rotation": {"angle": -45, "axis": "z", "origin": [17, 3.5, 8]},
			"faces": {
				"north": {"uv": [1.5, 8.25, 2.25, 8.75], "texture": "#0"},
				"east": {"uv": [2.25, 8.25, 3, 8.75], "texture": "#0"},
				"south": {"uv": [10, 7.5, 10.75, 8], "texture": "#0"},
				"west": {"uv": [10, 8, 10.75, 8.5], "texture": "#0"},
				"up": {"uv": [10.5, 2.25, 9.75, 1.5], "texture": "#0"},
				"down": {"uv": [10.5, 2.25, 9.75, 3], "texture": "#0"}
			}
		},
		{
			"from": [16.56777, 6.41041, 6.9],
			"to": [18.76777, 9.41041, 9.1],
			"rotation": {"angle": -22.5, "axis": "z", "origin": [18.76777, 9.51041, 8]},
			"faces": {
				"north": {"uv": [7.5, 9.75, 8, 10.5], "texture": "#0"},
				"east": {"uv": [3, 10.25, 3.5, 11], "texture": "#0"},
				"south": {"uv": [3.5, 10.25, 4, 11], "texture": "#0"},
				"west": {"uv": [10.25, 3.75, 10.75, 4.5], "texture": "#0"},
				"up": {"uv": [11, 6, 10.5, 5.5], "texture": "#0"},
				"down": {"uv": [6.5, 10.5, 6, 11], "texture": "#0"}
			}
		},
		{
			"from": [16.74277, 9.31041, 7.05],
			"to": [18.64277, 12.31041, 8.95],
			"rotation": {"angle": 0, "axis": "y", "origin": [18.76777, 9.51041, 8]},
			"faces": {
				"north": {"uv": [4, 10.25, 4.5, 11], "texture": "#0"},
				"east": {"uv": [8, 10.25, 8.5, 11], "texture": "#0"},
				"south": {"uv": [8.5, 10.25, 9, 11], "texture": "#0"},
				"west": {"uv": [10.25, 8.5, 10.75, 9.25], "texture": "#0"},
				"up": {"uv": [11, 6.5, 10.5, 6], "texture": "#0"},
				"down": {"uv": [7, 10.5, 6.5, 11], "texture": "#0"}
			}
		},
		{
			"from": [0.6, 1.5, 6.6],
			"to": [3.4, 4.25, 9.4],
			"rotation": {"angle": 45, "axis": "z", "origin": [-1, 3.5, 8]},
			"faces": {
				"north": {"uv": [3.75, 9.5, 3, 10.25], "texture": "#0"},
				"east": {"uv": [10.25, 9, 9.5, 9.75], "texture": "#0"},
				"south": {"uv": [3, 9.5, 3.75, 10.25], "texture": "#0"},
				"west": {"uv": [4.5, 9.5, 3.75, 10.25], "texture": "#0"},
				"up": {"uv": [9.75, 0.75, 10.5, 0], "texture": "#0"},
				"down": {"uv": [9.75, 0.75, 10.5, 1.5], "texture": "#0"}
			}
		},
		{
			"from": [0.7, 4.25, 6.7],
			"to": [3.3, 6.25, 9.3],
			"rotation": {"angle": 45, "axis": "z", "origin": [-1, 3.5, 8]},
			"faces": {
				"north": {"uv": [2.25, 8.25, 1.5, 8.75], "texture": "#0"},
				"east": {"uv": [10.75, 8, 10, 8.5], "texture": "#0"},
				"south": {"uv": [10.75, 7.5, 10, 8], "texture": "#0"},
				"west": {"uv": [3, 8.25, 2.25, 8.75], "texture": "#0"},
				"up": {"uv": [9.75, 2.25, 10.5, 1.5], "texture": "#0"},
				"down": {"uv": [9.75, 2.25, 10.5, 3], "texture": "#0"}
			}
		},
		{
			"from": [-2.76777, 6.41041, 6.9],
			"to": [-0.56777, 9.41041, 9.1],
			"rotation": {"angle": 22.5, "axis": "z", "origin": [-2.76777, 9.51041, 8]},
			"faces": {
				"north": {"uv": [8, 9.75, 7.5, 10.5], "texture": "#0"},
				"east": {"uv": [10.75, 3.75, 10.25, 4.5], "texture": "#0"},
				"south": {"uv": [4, 10.25, 3.5, 11], "texture": "#0"},
				"west": {"uv": [3.5, 10.25, 3, 11], "texture": "#0"},
				"up": {"uv": [10.5, 6, 11, 5.5], "texture": "#0"},
				"down": {"uv": [6, 10.5, 6.5, 11], "texture": "#0"}
			}
		},
		{
			"from": [-2.64277, 9.31041, 7.05],
			"to": [-0.74277, 12.31041, 8.95],
			"rotation": {"angle": 0, "axis": "y", "origin": [-2.76777, 9.51041, 8]},
			"faces": {
				"north": {"uv": [4.5, 10.25, 4, 11], "texture": "#0"},
				"east": {"uv": [10.75, 8.5, 10.25, 9.25], "texture": "#0"},
				"south": {"uv": [9, 10.25, 8.5, 11], "texture": "#0"},
				"west": {"uv": [8.5, 10.25, 8, 11], "texture": "#0"},
				"up": {"uv": [10.5, 6.5, 11, 6], "texture": "#0"},
				"down": {"uv": [6.5, 10.5, 7, 11], "texture": "#0"}
			}
		}
	],
	"gui_light": "front",
	"display": {
		"thirdperson_righthand": {
			"translation": [0, 2, 0],
			"scale": [0.5, 0.5, 0.5]
		},
		"thirdperson_lefthand": {
			"translation": [0, 1.75, 0],
			"scale": [0.5, 0.5, 0.5]
		},
		"firstperson_righthand": {
			"rotation": [20.75, 0, 23.5],
			"translation": [-2, 3.75, 0],
			"scale": [0.7, 0.7, 0.7]
		},
		"firstperson_lefthand": {
			"rotation": [28.41, 4.25, 15.39],
			"translation": [0, 4.5, 0.25],
			"scale": [0.7, 0.7, 0.7]
		},
		"ground": {
			"translation": [0, 5.75, 0],
			"scale": [0.5, 0.5, 0.5]
		},
		"gui": {
			"rotation": [26.25, 14.5, 0],
			"translation": [0, 1.25, 0],
			"scale": [0.7, 0.7, 0.7]
		},
		"head": {
			"translation": [0, 10.25, 0],
			"scale": [1.21, 1.21, 1.21]
		},
		"fixed": {
			"rotation": [-90, 0, 0],
			"translation": [0, 0, -8]
		}
	},
	"groups": [
		{
			"name": "group",
			"origin": [8, 8, 8],
			"color": 0,
			"children": [0, 1, 2, 3, 4]
		},
		{
			"name": "group",
			"origin": [8, 8, 8],
			"color": 0,
			"children": [5, 6, 7, 8]
		},
		{
			"name": "group",
			"origin": [8, 8, 8],
			"color": 0,
			"children": [9, 10, 11, 12]
		}
	]
}