{
	"credit": "Made with Blockbench",
	"texture_size": [128, 128],
	"textures": {
		"0": "arcadiusmc:item/viking_axe",
		"particle": "arcadiusmc:item/viking_axe"
	},
	"elements": [
		{
			"from": [7, -16, 7],
			"to": [9, 32, 9],
			"faces": {
				"north": {"uv": [3.75, 0, 3.5, 6], "texture": "#0"},
				"east": {"uv": [3.5, 0, 3.75, 6], "texture": "#0"},
				"south": {"uv": [3.75, 0, 3.5, 6], "texture": "#0"},
				"west": {"uv": [3.5, 0, 3.75, 6], "texture": "#0"},
				"up": {"uv": [3.5, 4.25, 3.25, 4], "rotation": 90, "texture": "#0"},
				"down": {"uv": [4.5, 1.5, 4.25, 1.75], "rotation": 270, "texture": "#0"}
			}
		},
		{
			"from": [6.5, -9, 6.5],
			"to": [9.5, -1, 9.5],
			"faces": {
				"north": {"uv": [0.25, 4, 0.625, 5], "texture": "#0"},
				"east": {"uv": [0.25, 4, 0.625, 5], "texture": "#0"},
				"south": {"uv": [0.25, 4, 0.625, 5], "texture": "#0"},
				"west": {"uv": [0.25, 4, 0.625, 5], "texture": "#0"},
				"up": {"uv": [4.625, 0.375, 4.25, 0], "rotation": 90, "texture": "#0"},
				"down": {"uv": [4.625, 0.375, 4.25, 0.75], "rotation": 270, "texture": "#0"}
			}
		},
		{
			"from": [6.5, 23, 6.5],
			"to": [9.5, 30, 9.5],
			"faces": {
				"north": {"uv": [1.75, 4, 2.125, 4.875], "texture": "#0"},
				"east": {"uv": [1.75, 4, 2.125, 4.875], "texture": "#0"},
				"south": {"uv": [1.75, 4, 2.125, 4.875], "texture": "#0"},
				"west": {"uv": [1.75, 4, 2.125, 4.875], "texture": "#0"},
				"up": {"uv": [4.625, 1.125, 4.25, 0.75], "rotation": 90, "texture": "#0"},
				"down": {"uv": [4.625, 1.125, 4.25, 1.5], "rotation": 270, "texture": "#0"}
			}
		},
		{
			"from": [8, 15, -7.5],
			"to": [8, 31, 6.5],
			"faces": {
				"north": {"uv": [1.75, 2, 0, 4], "texture": "#0"},
				"east": {"uv": [1.75, 2, 0, 4], "texture": "#0"},
				"south": {"uv": [1.75, 2, 0, 4], "texture": "#0"},
				"west": {"uv": [0, 2, 1.75, 4], "texture": "#0"},
				"up": {"uv": [1.75, 2, 0, 4], "rotation": 90, "texture": "#0"},
				"down": {"uv": [1.75, 2, 0, 4], "rotation": 270, "texture": "#0"}
			}
		},
		{
			"from": [8, 15, 9.5],
			"to": [8, 31, 23.5],
			"faces": {
				"north": {"uv": [0, 2, 1.75, 4], "texture": "#0"},
				"east": {"uv": [0, 2, 1.75, 4], "texture": "#0"},
				"south": {"uv": [0, 2, 1.75, 4], "texture": "#0"},
				"west": {"uv": [1.75, 2, 0, 4], "texture": "#0"},
				"up": {"uv": [0, 2, 1.75, 4], "rotation": 90, "texture": "#0"},
				"down": {"uv": [0, 2, 1.75, 4], "rotation": 270, "texture": "#0"}
			}
		}
	],
	"gui_light": "front",
	"display": {
		"thirdperson_righthand": {
			"translation": [0, 4.75, 0.5],
			"scale": [0.5, 0.5, 0.5]
		},
		"thirdperson_lefthand": {
			"translation": [0, 4.75, 0.5],
			"scale": [0.5, 0.5, 0.5]
		},
		"firstperson_righthand": {
			"translation": [0, -1.5, 0],
			"scale": [0.5, 0.5, 0.5]
		},
		"firstperson_lefthand": {
			"translation": [0, -0.5, 0],
			"scale": [0.5, 0.5, 0.5]
		},
		"ground": {
			"rotation": [0, 0, 90]
		},
		"gui": {
			"rotation": [-90, -45, -90],
			"translation": [-1.5, -1.25, 0],
			"scale": [0.35, 0.35, 0.35]
		},
		"fixed": {
			"rotation": [-180, -90, -180],
			"translation": [0, 0, 0.75],
			"scale": [0.35, 0.35, 0.35]
		}
	},
	"groups": [
		{
			"name": "group",
			"origin": [8, 8, 8],
			"color": 0,
			"children": [0, 1, 2, 3, 4]
		}
	]
}