{
	"credit": "Made with Blockbench",
	"texture_size": [32, 32],
	"textures": {
		"0": "arcadiusmc:item/golden_wreath",
		"particle": "arcadiusmc:item/golden_wreath"
	},
	"elements": [
		{
			"from": [0, 4, 0],
			"to": [16, 7, 0],
			"rotation": {"angle": 22.5, "axis": "x", "origin": [8, 5.5, 8]},
			"faces": {
				"north": {"uv": [0, 0, 8, 1.5], "texture": "#0"},
				"east": {"uv": [0, 0, 8, 1.5], "texture": "#0"},
				"south": {"uv": [8, 0, 0, 1.5], "texture": "#0"},
				"west": {"uv": [0, 0, 8, 1.5], "texture": "#0"},
				"up": {"uv": [0, 0, 8, 1.5], "texture": "#0"},
				"down": {"uv": [0, 0, 8, 1.5], "texture": "#0"}
			}
		},
		{
			"from": [0, 4, 16],
			"to": [16, 7, 16],
			"rotation": {"angle": 22.5, "axis": "x", "origin": [8, 5.5, 8]},
			"faces": {
				"north": {"uv": [8, 4.5, 0, 6], "texture": "#0"},
				"east": {"uv": [0, 4.5, 8, 6], "texture": "#0"},
				"south": {"uv": [0, 4.5, 8, 6], "texture": "#0"},
				"west": {"uv": [0, 4.5, 8, 6], "texture": "#0"},
				"up": {"uv": [0, 4.5, 8, 6], "texture": "#0"},
				"down": {"uv": [0, 4.5, 8, 6], "texture": "#0"}
			}
		},
		{
			"from": [16, 4, 0],
			"to": [16, 7, 16],
			"rotation": {"angle": 22.5, "axis": "x", "origin": [8, 5.5, 8]},
			"faces": {
				"north": {"uv": [0, 6, 8, 7.5], "texture": "#0"},
				"east": {"uv": [0, 6, 8, 7.5], "texture": "#0"},
				"south": {"uv": [0, 6, 8, 7.5], "texture": "#0"},
				"west": {"uv": [8, 6, 0, 7.5], "texture": "#0"},
				"up": {"uv": [0, 6, 8, 7.5], "texture": "#0"},
				"down": {"uv": [0, 6, 8, 7.5], "texture": "#0"}
			}
		},
		{
			"from": [0, 4, 0],
			"to": [0, 7, 16],
			"rotation": {"angle": 22.5, "axis": "x", "origin": [8, 5.5, 8]},
			"faces": {
				"north": {"uv": [0, 0, 0, 1.5], "texture": "#0"},
				"east": {"uv": [16, 0, 8, 1.5], "texture": "#0"},
				"south": {"uv": [0, 0, 0, 1.5], "texture": "#0"},
				"west": {"uv": [8, 0, 16, 1.5], "texture": "#0"},
				"up": {"uv": [0, 8, 0, 0], "texture": "#0"},
				"down": {"uv": [0, 0, 0, 8], "texture": "#0"}
			}
		}
	],
	"gui_light": "front",
	"display": {
		"thirdperson_righthand": {
			"translation": [0, 2.25, 0],
			"scale": [0.4, 0.4, 0.4]
		},
		"thirdperson_lefthand": {
			"translation": [0, 2.25, 0],
			"scale": [0.4, 0.4, 0.4]
		},
		"firstperson_righthand": {
			"translation": [0, 3, 0],
			"scale": [0.8, 0.8, 0.8]
		},
		"firstperson_lefthand": {
			"translation": [0, 3, 0],
			"scale": [0.8, 0.8, 0.8]
		},
		"ground": {
			"translation": [0, 2.5, 0],
			"scale": [0.5, 0.5, 0.5]
		},
		"gui": {
			"rotation": [-117.75, 30, 171],
			"translation": [-0.25, 0.5, 0],
			"scale": [0.7, 0.7, 0.7]
		},
		"head": {
			"rotation": [-3.5, 0, 0],
			"translation": [0, 5, 0]
		},
		"fixed": {
			"rotation": [-112, 0, 0],
			"translation": [0, -0.75, -3.5]
		}
	},
	"groups": [
		{
			"name": "group",
			"origin": [8, 8, 8],
			"color": 0,
			"children": [0, 1, 2, 3]
		}
	]
}