{
	"credit": "Made with Blockbench",
	"textures": {
		"1": "arcadiusmc:item/wreath",
		"particle": "arcadiusmc:item/wreath"
	},
	"elements": [
		{
			"name": "fthghfdh_6",
			"from": [6, 10, 6],
			"to": [6.5, 10.5, 6.5],
			"faces": {
				"north": {"uv": [4.5, 2.66667, 3.5, 5.33333], "texture": "#1"},
				"east": {"uv": [4, 2.66667, 4.5, 5.33333], "texture": "#1"},
				"south": {"uv": [3.5, 2.66667, 4.5, 5.33333], "texture": "#1"},
				"west": {"uv": [3.5, 2.66667, 4, 5.33333], "texture": "#1"},
				"up": {"uv": [3.5, 2.66667, 4.5, 5.33333], "texture": "#1"},
				"down": {"uv": [3.5, 2.66667, 4.5, 5.33333], "texture": "#1"}
			}
		},
		{
			"name": "fthghfdh_1",
			"from": [6.5, 10.5, 6],
			"to": [7, 11, 6.5],
			"faces": {
				"north": {"uv": [5, 0, 4.5, 2.66667], "texture": "#1"},
				"east": {"uv": [4.5, 0, 5, 2.66667], "texture": "#1"},
				"south": {"uv": [4.5, 0, 5, 2.66667], "texture": "#1"},
				"west": {"uv": [4.5, 0, 5, 2.66667], "texture": "#1"},
				"up": {"uv": [4.5, 0, 5, 2.66667], "texture": "#1"},
				"down": {"uv": [4.5, 0, 5, 2.66667], "texture": "#1"}
			}
		},
		{
			"name": "fthghfdh_2",
			"from": [9, 10.5, 6],
			"to": [9.5, 11, 6.5],
			"faces": {
				"north": {"uv": [7.5, 0, 7, 2.66667], "texture": "#1"},
				"east": {"uv": [7, 0, 7.5, 2.66667], "texture": "#1"},
				"south": {"uv": [7, 0, 7.5, 2.66667], "texture": "#1"},
				"west": {"uv": [7, 0, 7.5, 2.66667], "texture": "#1"},
				"up": {"uv": [7, 0, 7.5, 2.66667], "texture": "#1"},
				"down": {"uv": [7, 0, 7.5, 2.66667], "texture": "#1"}
			}
		},
		{
			"name": "fthghfdh_7",
			"from": [9.5, 10, 6],
			"to": [10, 10.5, 6.5],
			"faces": {
				"north": {"uv": [8.5, 2.66667, 7.5, 5.33333], "texture": "#1"},
				"east": {"uv": [8, 2.66667, 8.5, 5.33333], "texture": "#1"},
				"south": {"uv": [7.5, 2.66667, 8, 5.33333], "texture": "#1"},
				"west": {"uv": [7.5, 2.66667, 8, 5.33333], "texture": "#1"},
				"up": {"uv": [7.5, 2.66667, 8.5, 5.33333], "texture": "#1"},
				"down": {"uv": [7.5, 2.66667, 8.5, 5.33333], "texture": "#1"}
			}
		},
		{
			"name": "fthghfdh_21",
			"from": [10, 9, 9.5],
			"to": [10.5, 9.5, 10],
			"rotation": {"angle": 0, "axis": "y", "origin": [8, 15, 9]},
			"faces": {
				"north": {"uv": [11.5, 8, 12, 10.66667], "texture": "#1"},
				"east": {"uv": [12, 8, 11.5, 10.66667], "texture": "#1"},
				"south": {"uv": [11.5, 8, 12, 10.66667], "texture": "#1"},
				"west": {"uv": [11.5, 8, 12, 10.66667], "texture": "#1"},
				"up": {"uv": [11.5, 8, 12, 10.66667], "rotation": 90, "texture": "#1"},
				"down": {"uv": [11.5, 8, 12, 10.66667], "rotation": 270, "texture": "#1"}
			}
		},
		{
			"name": "fthghfdh_15",
			"from": [10, 9, 9],
			"to": [10.5, 10, 9.5],
			"rotation": {"angle": 0, "axis": "y", "origin": [8, 15, 9]},
			"faces": {
				"north": {"uv": [11, 5.33333, 11.5, 10.66667], "texture": "#1"},
				"east": {"uv": [11.5, 5.33333, 11, 10.66667], "texture": "#1"},
				"south": {"uv": [11, 5.33333, 11.5, 10.66667], "texture": "#1"},
				"west": {"uv": [11, 5.33333, 11.5, 10.66667], "texture": "#1"},
				"up": {"uv": [11, 5.33333, 11.5, 8], "rotation": 90, "texture": "#1"},
				"down": {"uv": [11, 8, 11.5, 10.66667], "rotation": 270, "texture": "#1"}
			}
		},
		{
			"name": "fthghfdh_9",
			"from": [10, 9.5, 8.5],
			"to": [10.5, 10.5, 9],
			"rotation": {"angle": 0, "axis": "y", "origin": [8, 15, 9]},
			"faces": {
				"north": {"uv": [10.5, 2.66667, 11, 8], "texture": "#1"},
				"east": {"uv": [11, 2.66667, 10.5, 8], "texture": "#1"},
				"south": {"uv": [10.5, 2.66667, 11, 8], "texture": "#1"},
				"west": {"uv": [10.5, 2.66667, 11, 8], "texture": "#1"},
				"up": {"uv": [10.5, 2.66667, 11, 5.33333], "rotation": 90, "texture": "#1"},
				"down": {"uv": [10.5, 5.33333, 11, 8], "rotation": 270, "texture": "#1"}
			}
		},
		{
			"name": "fthghfdh_14",
			"from": [10, 9.5, 7.5],
			"to": [10.5, 10, 8.5],
			"rotation": {"angle": 0, "axis": "y", "origin": [8, 15, 9]},
			"faces": {
				"north": {"uv": [9.5, 5.33333, 10, 8], "texture": "#1"},
				"east": {"uv": [10.5, 5.33333, 9.5, 8], "texture": "#1"},
				"south": {"uv": [10, 5.33333, 10.5, 8], "texture": "#1"},
				"west": {"uv": [9.5, 5.33333, 10.5, 8], "texture": "#1"},
				"up": {"uv": [9.5, 5.33333, 10.5, 8], "rotation": 90, "texture": "#1"},
				"down": {"uv": [9.5, 5.33333, 10.5, 8], "rotation": 270, "texture": "#1"}
			}
		},
		{
			"name": "fthghfdh_20",
			"from": [10, 9, 7.5],
			"to": [10.5, 9.5, 8],
			"rotation": {"angle": 0, "axis": "y", "origin": [8, 15, 9]},
			"faces": {
				"north": {"uv": [9.5, 8, 10, 10.66667], "texture": "#1"},
				"east": {"uv": [10, 8, 9.5, 10.66667], "texture": "#1"},
				"south": {"uv": [9.5, 8, 10, 10.66667], "texture": "#1"},
				"west": {"uv": [9.5, 8, 10, 10.66667], "texture": "#1"},
				"up": {"uv": [9.5, 8, 10, 10.66667], "rotation": 90, "texture": "#1"},
				"down": {"uv": [9.5, 8, 10, 10.66667], "rotation": 270, "texture": "#1"}
			}
		},
		{
			"name": "fthghfdh_8",
			"from": [10, 9.5, 7],
			"to": [10.5, 10.5, 7.5],
			"rotation": {"angle": 0, "axis": "y", "origin": [8, 15, 9]},
			"faces": {
				"north": {"uv": [9, 2.66667, 9.5, 8], "texture": "#1"},
				"east": {"uv": [9.5, 2.66667, 9, 8], "texture": "#1"},
				"south": {"uv": [9, 2.66667, 9.5, 8], "texture": "#1"},
				"west": {"uv": [9, 2.66667, 9.5, 8], "texture": "#1"},
				"up": {"uv": [9, 2.66667, 9.5, 5.33333], "rotation": 90, "texture": "#1"},
				"down": {"uv": [9, 5.33333, 9.5, 8], "rotation": 270, "texture": "#1"}
			}
		},
		{
			"name": "fthghfdh_3",
			"from": [10, 10, 6.5],
			"to": [10.5, 11, 7],
			"rotation": {"angle": 0, "axis": "y", "origin": [8, 15, 9]},
			"faces": {
				"north": {"uv": [8.5, 0, 9, 5.33333], "texture": "#1"},
				"east": {"uv": [9, 0, 8.5, 5.33333], "texture": "#1"},
				"south": {"uv": [8.5, 0, 9, 5.33333], "texture": "#1"},
				"west": {"uv": [8.5, 0, 9, 5.33333], "texture": "#1"},
				"up": {"uv": [8.5, 0, 9, 2.66667], "rotation": 90, "texture": "#1"},
				"down": {"uv": [8.5, 2.66667, 9, 5.33333], "rotation": 270, "texture": "#1"}
			}
		},
		{
			"name": "fthghfdh_7",
			"from": [10, 10, 6],
			"to": [10.5, 10.5, 6.5],
			"rotation": {"angle": 0, "axis": "y", "origin": [8, 15, 9]},
			"faces": {
				"north": {"uv": [8, 2.66667, 8.5, 5.33333], "rotation": 270, "texture": "#1"},
				"east": {"uv": [7.5, 2.66667, 8.5, 5.33333], "texture": "#1"},
				"south": {"uv": [7.5, 2.66667, 8, 5.33333], "rotation": 90, "texture": "#1"},
				"west": {"uv": [7.5, 2.66667, 8.5, 5.33333], "rotation": 180, "texture": "#1"},
				"up": {"uv": [8.5, 2.66667, 7.5, 5.33333], "rotation": 90, "texture": "#1"},
				"down": {"uv": [7.5, 2.66667, 8.5, 5.33333], "rotation": 90, "texture": "#1"}
			}
		},
		{
			"name": "fthghfdh_13",
			"from": [10, 9.5, 6],
			"to": [10.5, 10, 6.5],
			"rotation": {"angle": 0, "axis": "y", "origin": [8, 15, 9]},
			"faces": {
				"north": {"uv": [8, 5.33333, 8.5, 8], "texture": "#1"},
				"east": {"uv": [8.5, 5.33333, 8, 8], "texture": "#1"},
				"south": {"uv": [8, 5.33333, 8.5, 8], "texture": "#1"},
				"west": {"uv": [8, 5.33333, 8.5, 8], "texture": "#1"},
				"up": {"uv": [8, 5.33333, 8.5, 8], "rotation": 90, "texture": "#1"},
				"down": {"uv": [8, 5.33333, 8.5, 8], "rotation": 270, "texture": "#1"}
			}
		},
		{
			"name": "fthghfdh_24",
			"from": [9.5, 9, 10],
			"to": [10, 9.5, 10.5],
			"faces": {
				"north": {"uv": [16, 8, 15.5, 10.66667], "texture": "#1"},
				"east": {"uv": [15.5, 8, 16, 10.66667], "texture": "#1"},
				"south": {"uv": [15.5, 8, 16, 10.66667], "texture": "#1"},
				"west": {"uv": [15.5, 8, 16, 10.66667], "texture": "#1"},
				"up": {"uv": [15.5, 8, 16, 10.66667], "texture": "#1"},
				"down": {"uv": [15.5, 8, 16, 10.66667], "texture": "#1"}
			}
		},
		{
			"name": "fthghfdh_17",
			"from": [9, 9, 10],
			"to": [9.5, 10, 10.5],
			"faces": {
				"north": {"uv": [15.5, 5.33333, 15, 10.66667], "texture": "#1"},
				"east": {"uv": [15, 5.33333, 15.5, 10.66667], "texture": "#1"},
				"south": {"uv": [15, 5.33333, 15.5, 10.66667], "texture": "#1"},
				"west": {"uv": [15, 5.33333, 15.5, 10.66667], "texture": "#1"},
				"up": {"uv": [15, 5.33333, 15.5, 8], "texture": "#1"},
				"down": {"uv": [15, 8, 15.5, 10.66667], "texture": "#1"}
			}
		},
		{
			"name": "fthghfdh_26",
			"from": [8, 8.5, 10],
			"to": [9, 9, 10.5],
			"faces": {
				"north": {"uv": [15, 10.66667, 14, 13.33333], "texture": "#1"},
				"east": {"uv": [14.5, 10.66667, 15, 13.33333], "texture": "#1"},
				"south": {"uv": [14, 10.66667, 15, 13.33333], "texture": "#1"},
				"west": {"uv": [14, 10.66667, 14.5, 13.33333], "texture": "#1"},
				"up": {"uv": [14, 10.66667, 15, 13.33333], "texture": "#1"},
				"down": {"uv": [14, 10.66667, 15, 13.33333], "texture": "#1"}
			}
		},
		{
			"name": "fthghfdh_27",
			"from": [8, 8, 10],
			"to": [8.5, 8.5, 10.5],
			"faces": {
				"north": {"uv": [14.5, 13.33333, 14, 16], "texture": "#1"},
				"east": {"uv": [14, 13.33333, 14.5, 16], "texture": "#1"},
				"south": {"uv": [14, 13.33333, 14.5, 16], "texture": "#1"},
				"west": {"uv": [14, 13.33333, 14.5, 16], "texture": "#1"},
				"up": {"uv": [14, 13.33333, 14.5, 16], "texture": "#1"},
				"down": {"uv": [14, 13.33333, 14.5, 16], "texture": "#1"}
			}
		},
		{
			"name": "fthghfdh_23",
			"from": [7.5, 8.5, 10],
			"to": [8, 9.5, 10.5],
			"faces": {
				"north": {"uv": [14, 8, 13.5, 13.33333], "texture": "#1"},
				"east": {"uv": [13.5, 8, 14, 13.33333], "texture": "#1"},
				"south": {"uv": [13.5, 8, 14, 13.33333], "texture": "#1"},
				"west": {"uv": [13.5, 8, 14, 13.33333], "texture": "#1"},
				"up": {"uv": [13.5, 8, 14, 10.66667], "texture": "#1"},
				"down": {"uv": [13.5, 10.66667, 14, 13.33333], "texture": "#1"}
			}
		},
		{
			"name": "fthghfdh_25",
			"from": [7, 8.5, 10],
			"to": [7.5, 9, 10.5],
			"faces": {
				"north": {"uv": [13.5, 10.66667, 13, 13.33333], "texture": "#1"},
				"east": {"uv": [13, 10.66667, 13.5, 13.33333], "texture": "#1"},
				"south": {"uv": [13, 10.66667, 13.5, 13.33333], "texture": "#1"},
				"west": {"uv": [13, 10.66667, 13.5, 13.33333], "texture": "#1"},
				"up": {"uv": [13, 10.66667, 13.5, 13.33333], "texture": "#1"},
				"down": {"uv": [13, 10.66667, 13.5, 13.33333], "texture": "#1"}
			}
		},
		{
			"name": "fthghfdh_22",
			"from": [6.5, 8.5, 10],
			"to": [7, 9.5, 10.5],
			"faces": {
				"north": {"uv": [13, 8, 12.5, 13.33333], "texture": "#1"},
				"east": {"uv": [12.5, 8, 13, 13.33333], "texture": "#1"},
				"south": {"uv": [12.5, 8, 13, 13.33333], "texture": "#1"},
				"west": {"uv": [12.5, 8, 13, 13.33333], "texture": "#1"},
				"up": {"uv": [12.5, 8, 13, 10.66667], "texture": "#1"},
				"down": {"uv": [12.5, 10.66667, 13, 13.33333], "texture": "#1"}
			}
		},
		{
			"name": "fthghfdh_16",
			"from": [6, 9, 10],
			"to": [6.5, 10, 10.5],
			"faces": {
				"north": {"uv": [12.5, 5.33333, 12, 10.66667], "texture": "#1"},
				"east": {"uv": [12, 5.33333, 12.5, 10.66667], "texture": "#1"},
				"south": {"uv": [12, 5.33333, 12.5, 10.66667], "texture": "#1"},
				"west": {"uv": [12, 5.33333, 12.5, 10.66667], "texture": "#1"},
				"up": {"uv": [12, 5.33333, 12.5, 8], "texture": "#1"},
				"down": {"uv": [12, 8, 12.5, 10.66667], "texture": "#1"}
			}
		},
		{
			"name": "fthghfdh_6",
			"from": [5.5, 10, 6],
			"to": [6, 10.5, 6.5],
			"faces": {
				"north": {"uv": [4, 2.66667, 4.5, 5.33333], "texture": "#1"},
				"east": {"uv": [3.5, 2.66667, 4.5, 5.33333], "texture": "#1"},
				"south": {"uv": [3.5, 2.66667, 4, 5.33333], "texture": "#1"},
				"west": {"uv": [4.5, 2.66667, 3.5, 5.33333], "texture": "#1"},
				"up": {"uv": [3.5, 2.66667, 4.5, 5.33333], "rotation": 270, "texture": "#1"},
				"down": {"uv": [3.5, 2.66667, 4.5, 5.33333], "rotation": 90, "texture": "#1"}
			}
		},
		{
			"name": "fthghfdh_12",
			"from": [5.5, 9.5, 6],
			"to": [6, 10, 6.5],
			"faces": {
				"north": {"uv": [3.5, 5.33333, 4, 8], "texture": "#1"},
				"east": {"uv": [3.5, 5.33333, 4, 8], "texture": "#1"},
				"south": {"uv": [3.5, 5.33333, 4, 8], "texture": "#1"},
				"west": {"uv": [4, 5.33333, 3.5, 8], "texture": "#1"},
				"up": {"uv": [3.5, 5.33333, 4, 8], "rotation": 270, "texture": "#1"},
				"down": {"uv": [3.5, 5.33333, 4, 8], "rotation": 90, "texture": "#1"}
			}
		},
		{
			"name": "fthghfdh_0",
			"from": [5.5, 10, 6.5],
			"to": [6, 11, 7],
			"faces": {
				"north": {"uv": [3, 0, 3.5, 5.33333], "texture": "#1"},
				"east": {"uv": [3, 0, 3.5, 5.33333], "texture": "#1"},
				"south": {"uv": [3, 0, 3.5, 5.33333], "texture": "#1"},
				"west": {"uv": [3.5, 0, 3, 5.33333], "texture": "#1"},
				"up": {"uv": [3, 0, 3.5, 2.66667], "rotation": 270, "texture": "#1"},
				"down": {"uv": [3, 2.66667, 3.5, 5.33333], "rotation": 90, "texture": "#1"}
			}
		},
		{
			"name": "fthghfdh_5",
			"from": [5.5, 9.5, 7],
			"to": [6, 10.5, 7.5],
			"faces": {
				"north": {"uv": [2.5, 2.66667, 3, 8], "texture": "#1"},
				"east": {"uv": [2.5, 2.66667, 3, 8], "texture": "#1"},
				"south": {"uv": [2.5, 2.66667, 3, 8], "texture": "#1"},
				"west": {"uv": [3, 2.66667, 2.5, 8], "texture": "#1"},
				"up": {"uv": [2.5, 2.66667, 3, 5.33333], "rotation": 270, "texture": "#1"},
				"down": {"uv": [2.5, 5.33333, 3, 8], "rotation": 90, "texture": "#1"}
			}
		},
		{
			"name": "fthghfdh_11",
			"from": [5.5, 9.5, 7.5],
			"to": [6, 10, 8],
			"faces": {
				"north": {"uv": [2, 5.33333, 2.5, 8], "texture": "#1"},
				"east": {"uv": [2, 5.33333, 2.5, 8], "texture": "#1"},
				"south": {"uv": [2, 5.33333, 2.5, 8], "texture": "#1"},
				"west": {"uv": [2.5, 5.33333, 2, 8], "texture": "#1"},
				"up": {"uv": [2, 5.33333, 2.5, 8], "rotation": 270, "texture": "#1"},
				"down": {"uv": [2, 5.33333, 2.5, 8], "rotation": 90, "texture": "#1"}
			}
		},
		{
			"name": "fthghfdh_4",
			"from": [5.5, 9.5, 8],
			"to": [6, 10.5, 8.5],
			"faces": {
				"north": {"uv": [1.5, 2.66667, 2, 8], "texture": "#1"},
				"east": {"uv": [1.5, 2.66667, 2, 8], "texture": "#1"},
				"south": {"uv": [1.5, 2.66667, 2, 8], "texture": "#1"},
				"west": {"uv": [2, 2.66667, 1.5, 8], "texture": "#1"},
				"up": {"uv": [1.5, 2.66667, 2, 5.33333], "rotation": 270, "texture": "#1"},
				"down": {"uv": [1.5, 5.33333, 2, 8], "rotation": 90, "texture": "#1"}
			}
		},
		{
			"name": "fthghfdh_10",
			"from": [5.5, 9.5, 8.5],
			"to": [6, 10, 10],
			"faces": {
				"north": {"uv": [1, 5.33333, 1.5, 8], "texture": "#1"},
				"east": {"uv": [0, 5.33333, 1.5, 8], "texture": "#1"},
				"south": {"uv": [0, 5.33333, 0.5, 8], "texture": "#1"},
				"west": {"uv": [1.5, 5.33333, 0, 8], "texture": "#1"},
				"up": {"uv": [0, 5.33333, 1.5, 8], "rotation": 270, "texture": "#1"},
				"down": {"uv": [0, 5.33333, 1.5, 8], "rotation": 90, "texture": "#1"}
			}
		},
		{
			"name": "fthghfdh_19",
			"from": [5.5, 9, 8.5],
			"to": [6, 9.5, 9],
			"faces": {
				"north": {"uv": [1, 8, 1.5, 10.66667], "texture": "#1"},
				"east": {"uv": [1, 8, 1.5, 10.66667], "texture": "#1"},
				"south": {"uv": [1, 8, 1.5, 10.66667], "texture": "#1"},
				"west": {"uv": [1.5, 8, 1, 10.66667], "texture": "#1"},
				"up": {"uv": [1, 8, 1.5, 10.66667], "rotation": 270, "texture": "#1"},
				"down": {"uv": [1, 8, 1.5, 10.66667], "rotation": 90, "texture": "#1"}
			}
		},
		{
			"name": "fthghfdh_18",
			"from": [5.5, 9, 9.5],
			"to": [6, 9.5, 10],
			"faces": {
				"north": {"uv": [0, 8, 0.5, 10.66667], "texture": "#1"},
				"east": {"uv": [0, 8, 0.5, 10.66667], "texture": "#1"},
				"south": {"uv": [0, 8, 0.5, 10.66667], "texture": "#1"},
				"west": {"uv": [0.5, 8, 0, 10.66667], "texture": "#1"},
				"up": {"uv": [0, 8, 0.5, 10.66667], "rotation": 270, "texture": "#1"},
				"down": {"uv": [0, 8, 0.5, 10.66667], "rotation": 90, "texture": "#1"}
			}
		}
	],
	"display": {
		"firstperson_righthand": {
			"translation": [-9, 0, 0]
		},
		"firstperson_lefthand": {
			"translation": [-9.25, 0, 0]
		},
		"ground": {
			"scale": [2.03711, 2.03711, 2.03711]
		},
		"gui": {
			"rotation": [-133.52, 32.73, 175.06],
			"translation": [0.25, -3.25, 0],
			"scale": [2.36, 2.36, 2.36]
		},
		"head": {
			"translation": [0, -2.5, -0.75],
			"scale": [3.4043, 3.4043, 3.4043]
		},
		"fixed": {
			"rotation": [107.28, 0.17, -180],
			"translation": [0, -2, 6],
			"scale": [3.00781, 3.00781, 3.00781]
		}
	},
	"groups": [
		{
			"name": "fthghfdh",
			"origin": [8, 8, 8],
			"color": 0,
			"children": [
				{
					"name": "front",
					"origin": [0, 0, 0],
					"color": 0,
					"children": [0, 1, 2, 3]
				},
				{
					"name": "group",
					"origin": [0, 0, 0],
					"color": 0,
					"children": [4, 5, 6, 7, 8, 9, 10, 11, 12]
				},
				{
					"name": "back",
					"origin": [0, 0, 0],
					"color": 0,
					"children": [13, 14, 15, 16, 17, 18, 19, 20]
				},
				{
					"name": "group",
					"origin": [0, 0, 0],
					"color": 0,
					"children": [21, 22, 23, 24, 25, 26, 27, 28, 29]
				}
			]
		}
	]
}