
{
  "parent": "minecraft:block/bamboo_button_inventory",
  "overrides": [
    { 
      "predicate": { "custom_model_data": 10020001 }, 
      "model": "arcadiusmc:item/wreath"
    },
    { 
      "predicate": { "custom_model_data": 10020002 }, 
      "model": "arcadiusmc:item/golden_wreath"
    },
    { 
      "predicate": { "custom_model_data": 10080001 }, 
      "model": "arcadiusmc:item/rags_hat"
    },
    { 
      "predicate": { "custom_model_data": 10080002 }, 
      "model": "arcadiusmc:item/pirate_hat"
    },
    { 
      "predicate": { "custom_model_data": 10080003 }, 
      "model": "arcadiusmc:item/roman_helmet"
    },
    { 
      "predicate": { "custom_model_data": 10080004 }, 
      "model": "arcadiusmc:item/roman_helmet_feathers"
    },
    { 
      "predicate": { "custom_model_data": 10080005 }, 
      "model": "arcadiusmc:item/viking_helmet"
    },
    { 
      "predicate": { "custom_model_data": 10080006 }, 
      "model": "arcadiusmc:item/viking_helmet_hornless"
    },
    {
      "predicate": { "custom_model_data": 10090001 },
      "model": "arcadiusmc:item/stone_pillar"
    },
    { 
      "predicate": { "custom_model_data": 10090002 }, 
      "model": "arcadiusmc:item/marble_pillar"
    },
    { 
      "predicate": { "custom_model_data": 10090007 }, 
      "model": "arcadiusmc:item/shockwave"
    }
   
  ]
}
