{
	"credit": "Made with Blockbench",
	"textures": {
		"0": "arcadiusmc:item/assault_rifle",
		"particle": "arcadiusmc:item/assault_rifle"
	},
	"elements": [
		{
			"name": "assault_rifle_0",
			"from": [7.9375, 9, 6.6875],
			"to": [8.4375, 10.75, 7.6875],
			"rotation": {"angle": 0, "axis": "y", "origin": [8.1875, -0.5625, 8]},
			"faces": {
				"north": {"uv": [9.25, 0, 9.5, 6.22222], "texture": "#0"},
				"east": {"uv": [8.5, 0, 9.5, 6.22222], "texture": "#0"},
				"south": {"uv": [8.5, 0, 8.75, 6.22222], "texture": "#0"},
				"west": {"uv": [9.5, 0, 8.5, 6.22222], "texture": "#0"},
				"up": {"uv": [8.5, 0, 9.5, 0.88889], "rotation": 270, "texture": "#0"},
				"down": {"uv": [8.5, 5.33333, 9.5, 6.22222], "rotation": 90, "texture": "#0"}
			}
		},
		{
			"name": "assault_rifle_1",
			"from": [7.9375, 9.25, 0.6875],
			"to": [8.4375, 10.75, 0.9375],
			"rotation": {"angle": 0, "axis": "y", "origin": [8.1875, -0.5625, 8]},
			"faces": {
				"north": {"uv": [15.25, 0, 15.5, 5.33333], "texture": "#0"},
				"east": {"uv": [15.25, 0, 15.5, 5.33333], "texture": "#0"},
				"south": {"uv": [15.25, 0, 15.5, 5.33333], "texture": "#0"},
				"west": {"uv": [15.5, 0, 15.25, 5.33333], "texture": "#0"},
				"up": {"uv": [15.25, 0, 15.5, 0.88889], "rotation": 270, "texture": "#0"},
				"down": {"uv": [15.25, 4.44444, 15.5, 5.33333], "rotation": 90, "texture": "#0"}
			}
		},
		{
			"name": "assault_rifle_2",
			"from": [7.9375, 9, 7.6875],
			"to": [8.4375, 10.5, 12.6875],
			"rotation": {"angle": 0, "axis": "y", "origin": [8.1875, -0.5625, 8]},
			"faces": {
				"north": {"uv": [8.25, 0.88889, 8.5, 6.22222], "texture": "#0"},
				"east": {"uv": [3.5, 0.88889, 8.5, 6.22222], "texture": "#0"},
				"south": {"uv": [3.5, 0.88889, 3.75, 6.22222], "texture": "#0"},
				"west": {"uv": [8.5, 0.88889, 3.5, 6.22222], "texture": "#0"},
				"up": {"uv": [3.5, 0.88889, 8.5, 1.77778], "rotation": 270, "texture": "#0"},
				"down": {"uv": [3.5, 5.33333, 8.5, 6.22222], "rotation": 90, "texture": "#0"}
			}
		},
		{
			"name": "assault_rifle_3",
			"from": [7.9375, 10, 2.9375],
			"to": [8.4375, 10.5, 6.6875],
			"rotation": {"angle": 0, "axis": "y", "origin": [8.1875, -0.5625, 8]},
			"faces": {
				"north": {"uv": [13, 0.88889, 13.25, 2.66667], "texture": "#0"},
				"east": {"uv": [9.5, 0.88889, 13.25, 2.66667], "texture": "#0"},
				"south": {"uv": [9.5, 0.88889, 9.75, 2.66667], "texture": "#0"},
				"west": {"uv": [13.25, 0.88889, 9.5, 2.66667], "texture": "#0"},
				"up": {"uv": [9.5, 0.88889, 13.25, 1.77778], "rotation": 270, "texture": "#0"},
				"down": {"uv": [9.5, 1.77778, 13.25, 2.66667], "rotation": 90, "texture": "#0"}
			}
		},
		{
			"name": "assault_rifle_4",
			"from": [7.9375, 10, 0.9375],
			"to": [8.4375, 10.5, 1.1875],
			"rotation": {"angle": 0, "axis": "y", "origin": [8.1875, -0.5625, 8]},
			"faces": {
				"north": {"uv": [15, 0.88889, 15.25, 2.66667], "texture": "#0"},
				"east": {"uv": [15, 0.88889, 15.25, 2.66667], "texture": "#0"},
				"south": {"uv": [15, 0.88889, 15.25, 2.66667], "texture": "#0"},
				"west": {"uv": [15.25, 0.88889, 15, 2.66667], "texture": "#0"},
				"up": {"uv": [15, 0.88889, 15.25, 1.77778], "rotation": 270, "texture": "#0"},
				"down": {"uv": [15, 1.77778, 15.25, 2.66667], "rotation": 90, "texture": "#0"}
			}
		},
		{
			"name": "assault_rifle_5",
			"from": [7.9375, 9, 12.6875],
			"to": [8.4375, 10.25, 12.9375],
			"rotation": {"angle": 0, "axis": "y", "origin": [8.1875, -0.5625, 8]},
			"faces": {
				"north": {"uv": [3.25, 1.77778, 3.5, 6.22222], "texture": "#0"},
				"east": {"uv": [3.25, 1.77778, 3.5, 6.22222], "texture": "#0"},
				"south": {"uv": [3.25, 1.77778, 3.5, 6.22222], "texture": "#0"},
				"west": {"uv": [3.5, 1.77778, 3.25, 6.22222], "texture": "#0"},
				"up": {"uv": [3.25, 1.77778, 3.5, 2.66667], "rotation": 270, "texture": "#0"},
				"down": {"uv": [3.25, 5.33333, 3.5, 6.22222], "rotation": 90, "texture": "#0"}
			}
		},
		{
			"name": "assault_rifle_6",
			"from": [7.9375, 9.25, 2.6875],
			"to": [8.4375, 10.25, 2.9375],
			"rotation": {"angle": 0, "axis": "y", "origin": [8.1875, -0.5625, 8]},
			"faces": {
				"north": {"uv": [13.25, 1.77778, 13.5, 5.33333], "texture": "#0"},
				"east": {"uv": [13.25, 1.77778, 13.5, 5.33333], "texture": "#0"},
				"south": {"uv": [13.25, 1.77778, 13.5, 5.33333], "texture": "#0"},
				"west": {"uv": [13.5, 1.77778, 13.25, 5.33333], "texture": "#0"},
				"up": {"uv": [13.25, 1.77778, 13.5, 2.66667], "rotation": 270, "texture": "#0"},
				"down": {"uv": [13.25, 4.44444, 13.5, 5.33333], "rotation": 90, "texture": "#0"}
			}
		},
		{
			"name": "assault_rifle_7",
			"from": [7.9375, 8.5, 14.6875],
			"to": [8.4375, 10, 16.1875],
			"rotation": {"angle": 0, "axis": "y", "origin": [8.1875, -0.5625, 8]},
			"faces": {
				"north": {"uv": [1.25, 2.66667, 1.5, 8], "texture": "#0"},
				"east": {"uv": [0, 2.66667, 1.5, 8], "texture": "#0"},
				"south": {"uv": [0, 2.66667, 0.25, 8], "texture": "#0"},
				"west": {"uv": [1.5, 2.66667, 0, 8], "texture": "#0"},
				"up": {"uv": [0, 2.66667, 1.5, 3.55556], "rotation": 270, "texture": "#0"},
				"down": {"uv": [0, 7.11111, 1.5, 8], "rotation": 90, "texture": "#0"}
			}
		},
		{
			"name": "assault_rifle_8",
			"from": [7.9375, 9, 12.9375],
			"to": [8.4375, 10, 14.6875],
			"rotation": {"angle": 0, "axis": "y", "origin": [8.1875, -0.5625, 8]},
			"faces": {
				"north": {"uv": [3, 2.66667, 3.25, 6.22222], "texture": "#0"},
				"east": {"uv": [1.5, 2.66667, 3.25, 6.22222], "texture": "#0"},
				"south": {"uv": [1.5, 2.66667, 1.75, 6.22222], "texture": "#0"},
				"west": {"uv": [3.25, 2.66667, 1.5, 6.22222], "texture": "#0"},
				"up": {"uv": [1.5, 2.66667, 3.25, 3.55556], "rotation": 270, "texture": "#0"},
				"down": {"uv": [1.5, 5.33333, 3.25, 6.22222], "rotation": 90, "texture": "#0"}
			}
		},
		{
			"name": "assault_rifle_9",
			"from": [7.9375, 9, 6.4375],
			"to": [8.4375, 10, 6.6875],
			"rotation": {"angle": 0, "axis": "y", "origin": [8.1875, -0.5625, 8]},
			"faces": {
				"north": {"uv": [9.5, 2.66667, 9.75, 6.22222], "texture": "#0"},
				"east": {"uv": [9.5, 2.66667, 9.75, 6.22222], "texture": "#0"},
				"south": {"uv": [9.5, 2.66667, 9.75, 6.22222], "texture": "#0"},
				"west": {"uv": [9.75, 2.66667, 9.5, 6.22222], "texture": "#0"},
				"up": {"uv": [9.5, 2.66667, 9.75, 3.55556], "rotation": 270, "texture": "#0"},
				"down": {"uv": [9.5, 5.33333, 9.75, 6.22222], "rotation": 90, "texture": "#0"}
			}
		},
		{
			"name": "assault_rifle_10",
			"from": [7.9375, 9, 5.4375],
			"to": [8.4375, 10, 5.6875],
			"rotation": {"angle": 0, "axis": "y", "origin": [8.1875, -0.5625, 8]},
			"faces": {
				"north": {"uv": [10.5, 2.66667, 10.75, 6.22222], "texture": "#0"},
				"east": {"uv": [10.5, 2.66667, 10.75, 6.22222], "texture": "#0"},
				"south": {"uv": [10.5, 2.66667, 10.75, 6.22222], "texture": "#0"},
				"west": {"uv": [10.75, 2.66667, 10.5, 6.22222], "texture": "#0"},
				"up": {"uv": [10.5, 2.66667, 10.75, 3.55556], "rotation": 270, "texture": "#0"},
				"down": {"uv": [10.5, 5.33333, 10.75, 6.22222], "rotation": 90, "texture": "#0"}
			}
		},
		{
			"name": "assault_rifle_11",
			"from": [7.9375, 9, 4.1875],
			"to": [8.4375, 10, 4.6875],
			"rotation": {"angle": 0, "axis": "y", "origin": [8.1875, -0.5625, 8]},
			"faces": {
				"north": {"uv": [11.75, 2.66667, 12, 6.22222], "texture": "#0"},
				"east": {"uv": [11.5, 2.66667, 12, 6.22222], "texture": "#0"},
				"south": {"uv": [11.5, 2.66667, 11.75, 6.22222], "texture": "#0"},
				"west": {"uv": [12, 2.66667, 11.5, 6.22222], "texture": "#0"},
				"up": {"uv": [11.5, 2.66667, 12, 3.55556], "rotation": 270, "texture": "#0"},
				"down": {"uv": [11.5, 5.33333, 12, 6.22222], "rotation": 90, "texture": "#0"}
			}
		},
		{
			"name": "assault_rifle_12",
			"from": [7.9375, 9.25, 2.4375],
			"to": [8.4375, 10, 2.6875],
			"rotation": {"angle": 0, "axis": "y", "origin": [8.1875, -0.5625, 8]},
			"faces": {
				"north": {"uv": [13.5, 2.66667, 13.75, 5.33333], "texture": "#0"},
				"east": {"uv": [13.5, 2.66667, 13.75, 5.33333], "texture": "#0"},
				"south": {"uv": [13.5, 2.66667, 13.75, 5.33333], "texture": "#0"},
				"west": {"uv": [13.75, 2.66667, 13.5, 5.33333], "texture": "#0"},
				"up": {"uv": [13.5, 2.66667, 13.75, 3.55556], "rotation": 270, "texture": "#0"},
				"down": {"uv": [13.5, 4.44444, 13.75, 5.33333], "rotation": 90, "texture": "#0"}
			}
		},
		{
			"name": "assault_rifle_13",
			"from": [7.9375, 9.25, 1.1875],
			"to": [8.4375, 10, 1.4375],
			"rotation": {"angle": 0, "axis": "y", "origin": [8.1875, -0.5625, 8]},
			"faces": {
				"north": {"uv": [14.75, 2.66667, 15, 5.33333], "texture": "#0"},
				"east": {"uv": [14.75, 2.66667, 15, 5.33333], "texture": "#0"},
				"south": {"uv": [14.75, 2.66667, 15, 5.33333], "texture": "#0"},
				"west": {"uv": [15, 2.66667, 14.75, 5.33333], "texture": "#0"},
				"up": {"uv": [14.75, 2.66667, 15, 3.55556], "rotation": 270, "texture": "#0"},
				"down": {"uv": [14.75, 4.44444, 15, 5.33333], "rotation": 90, "texture": "#0"}
			}
		},
		{
			"name": "assault_rifle_14",
			"from": [7.9375, 9, 5.6875],
			"to": [8.4375, 9.75, 6.4375],
			"rotation": {"angle": 0, "axis": "y", "origin": [8.1875, -0.5625, 8]},
			"faces": {
				"north": {"uv": [10.25, 3.55556, 10.5, 6.22222], "texture": "#0"},
				"east": {"uv": [9.75, 3.55556, 10.5, 6.22222], "texture": "#0"},
				"south": {"uv": [9.75, 3.55556, 10, 6.22222], "texture": "#0"},
				"west": {"uv": [10.5, 3.55556, 9.75, 6.22222], "texture": "#0"},
				"up": {"uv": [9.75, 3.55556, 10.5, 4.44444], "rotation": 270, "texture": "#0"},
				"down": {"uv": [9.75, 5.33333, 10.5, 6.22222], "rotation": 90, "texture": "#0"}
			}
		},
		{
			"name": "assault_rifle_15",
			"from": [7.9375, 9, 4.6875],
			"to": [8.4375, 9.75, 5.4375],
			"rotation": {"angle": 0, "axis": "y", "origin": [8.1875, -0.5625, 8]},
			"faces": {
				"north": {"uv": [11.25, 3.55556, 11.5, 6.22222], "texture": "#0"},
				"east": {"uv": [10.75, 3.55556, 11.5, 6.22222], "texture": "#0"},
				"south": {"uv": [10.75, 3.55556, 11, 6.22222], "texture": "#0"},
				"west": {"uv": [11.5, 3.55556, 10.75, 6.22222], "texture": "#0"},
				"up": {"uv": [10.75, 3.55556, 11.5, 4.44444], "rotation": 270, "texture": "#0"},
				"down": {"uv": [10.75, 5.33333, 11.5, 6.22222], "rotation": 90, "texture": "#0"}
			}
		},
		{
			"name": "assault_rifle_16",
			"from": [7.9375, 9.25, 2.9375],
			"to": [8.4375, 9.75, 4.1875],
			"rotation": {"angle": 0, "axis": "y", "origin": [8.1875, -0.5625, 8]},
			"faces": {
				"north": {"uv": [13, 3.55556, 13.25, 5.33333], "texture": "#0"},
				"east": {"uv": [12, 3.55556, 13.25, 5.33333], "texture": "#0"},
				"south": {"uv": [12, 3.55556, 12.25, 5.33333], "texture": "#0"},
				"west": {"uv": [13.25, 3.55556, 12, 5.33333], "texture": "#0"},
				"up": {"uv": [12, 3.55556, 13.25, 4.44444], "rotation": 270, "texture": "#0"},
				"down": {"uv": [12, 4.44444, 13.25, 5.33333], "rotation": 90, "texture": "#0"}
			}
		},
		{
			"name": "assault_rifle_17",
			"from": [7.9375, 9.25, 1.4375],
			"to": [8.4375, 9.75, 2.4375],
			"rotation": {"angle": 0, "axis": "y", "origin": [8.1875, -0.5625, 8]},
			"faces": {
				"north": {"uv": [14.5, 3.55556, 14.75, 5.33333], "texture": "#0"},
				"east": {"uv": [13.75, 3.55556, 14.75, 5.33333], "texture": "#0"},
				"south": {"uv": [13.75, 3.55556, 14, 5.33333], "texture": "#0"},
				"west": {"uv": [14.75, 3.55556, 13.75, 5.33333], "texture": "#0"},
				"up": {"uv": [13.75, 3.55556, 14.75, 4.44444], "rotation": 270, "texture": "#0"},
				"down": {"uv": [13.75, 4.44444, 14.75, 5.33333], "rotation": 90, "texture": "#0"}
			}
		},
		{
			"name": "assault_rifle_18",
			"from": [7.9375, 9.25, 0.9375],
			"to": [8.4375, 9.75, 1.1875],
			"rotation": {"angle": 0, "axis": "y", "origin": [8.1875, -0.5625, 8]},
			"faces": {
				"north": {"uv": [15, 3.55556, 15.25, 5.33333], "texture": "#0"},
				"east": {"uv": [15, 3.55556, 15.25, 5.33333], "texture": "#0"},
				"south": {"uv": [15, 3.55556, 15.25, 5.33333], "texture": "#0"},
				"west": {"uv": [15.25, 3.55556, 15, 5.33333], "texture": "#0"},
				"up": {"uv": [15, 3.55556, 15.25, 4.44444], "rotation": 270, "texture": "#0"},
				"down": {"uv": [15, 4.44444, 15.25, 5.33333], "rotation": 90, "texture": "#0"}
			}
		},
		{
			"name": "assault_rifle_19",
			"from": [7.9375, 9.25, 0.4375],
			"to": [8.4375, 9.75, 0.6875],
			"rotation": {"angle": 0, "axis": "y", "origin": [8.1875, -0.5625, 8]},
			"faces": {
				"north": {"uv": [15.5, 3.55556, 15.75, 5.33333], "texture": "#0"},
				"east": {"uv": [15.5, 3.55556, 15.75, 5.33333], "texture": "#0"},
				"south": {"uv": [15.5, 3.55556, 15.75, 5.33333], "texture": "#0"},
				"west": {"uv": [15.75, 3.55556, 15.5, 5.33333], "texture": "#0"},
				"up": {"uv": [15.5, 3.55556, 15.75, 4.44444], "rotation": 270, "texture": "#0"},
				"down": {"uv": [15.5, 4.44444, 15.75, 5.33333], "rotation": 90, "texture": "#0"}
			}
		},
		{
			"name": "assault_rifle_20",
			"from": [7.9375, 9.25, 0.1875],
			"to": [8.4375, 9.5, 0.4375],
			"rotation": {"angle": 0, "axis": "y", "origin": [8.1875, -0.5625, 8]},
			"faces": {
				"north": {"uv": [15.75, 4.44444, 16, 5.33333], "texture": "#0"},
				"east": {"uv": [15.75, 4.44444, 16, 5.33333], "texture": "#0"},
				"south": {"uv": [15.75, 4.44444, 16, 5.33333], "texture": "#0"},
				"west": {"uv": [16, 4.44444, 15.75, 5.33333], "texture": "#0"},
				"up": {"uv": [15.75, 4.44444, 16, 5.33333], "rotation": 270, "texture": "#0"},
				"down": {"uv": [15.75, 4.44444, 16, 5.33333], "rotation": 90, "texture": "#0"}
			}
		},
		{
			"name": "assault_rifle_21",
			"from": [7.9375, 8.75, 13.9375],
			"to": [8.4375, 9, 14.6875],
			"rotation": {"angle": 0, "axis": "y", "origin": [8.1875, -0.5625, 8]},
			"faces": {
				"north": {"uv": [2, 6.22222, 2.25, 7.11111], "texture": "#0"},
				"east": {"uv": [1.5, 6.22222, 2.25, 7.11111], "texture": "#0"},
				"south": {"uv": [1.5, 6.22222, 1.75, 7.11111], "texture": "#0"},
				"west": {"uv": [2.25, 6.22222, 1.5, 7.11111], "texture": "#0"},
				"up": {"uv": [1.5, 6.22222, 2.25, 7.11111], "rotation": 270, "texture": "#0"},
				"down": {"uv": [1.5, 6.22222, 2.25, 7.11111], "rotation": 90, "texture": "#0"}
			}
		},
		{
			"name": "assault_rifle_22",
			"from": [7.9375, 8.25, 11.4375],
			"to": [8.4375, 9, 12.4375],
			"rotation": {"angle": 0, "axis": "y", "origin": [8.1875, -0.5625, 8]},
			"faces": {
				"north": {"uv": [4.5, 6.22222, 4.75, 8.88889], "texture": "#0"},
				"east": {"uv": [3.75, 6.22222, 4.75, 8.88889], "texture": "#0"},
				"south": {"uv": [3.75, 6.22222, 4, 8.88889], "texture": "#0"},
				"west": {"uv": [4.75, 6.22222, 3.75, 8.88889], "texture": "#0"},
				"up": {"uv": [3.75, 6.22222, 4.75, 7.11111], "rotation": 270, "texture": "#0"},
				"down": {"uv": [3.75, 8, 4.75, 8.88889], "rotation": 90, "texture": "#0"}
			}
		},
		{
			"name": "assault_rifle_23",
			"from": [7.9375, 8.75, 10.9375],
			"to": [8.4375, 9, 11.1875],
			"rotation": {"angle": 0, "axis": "y", "origin": [8.1875, -0.5625, 8]},
			"faces": {
				"north": {"uv": [5, 6.22222, 5.25, 7.11111], "texture": "#0"},
				"east": {"uv": [5, 6.22222, 5.25, 7.11111], "texture": "#0"},
				"south": {"uv": [5, 6.22222, 5.25, 7.11111], "texture": "#0"},
				"west": {"uv": [5.25, 6.22222, 5, 7.11111], "texture": "#0"},
				"up": {"uv": [5, 6.22222, 5.25, 7.11111], "rotation": 270, "texture": "#0"},
				"down": {"uv": [5, 6.22222, 5.25, 7.11111], "rotation": 90, "texture": "#0"}
			}
		},
		{
			"name": "assault_rifle_24",
			"from": [7.9375, 8.5, 8.4375],
			"to": [8.4375, 9, 10.1875],
			"rotation": {"angle": 0, "axis": "y", "origin": [8.1875, -0.5625, 8]},
			"faces": {
				"north": {"uv": [7.5, 6.22222, 7.75, 8], "texture": "#0"},
				"east": {"uv": [6, 6.22222, 7.75, 8], "texture": "#0"},
				"south": {"uv": [6, 6.22222, 6.25, 8], "texture": "#0"},
				"west": {"uv": [7.75, 6.22222, 6, 8], "texture": "#0"},
				"up": {"uv": [6, 6.22222, 7.75, 7.11111], "rotation": 270, "texture": "#0"},
				"down": {"uv": [6, 7.11111, 7.75, 8], "rotation": 90, "texture": "#0"}
			}
		},
		{
			"name": "assault_rifle_25",
			"from": [7.9375, 8.75, 6.9375],
			"to": [8.4375, 9, 7.4375],
			"rotation": {"angle": 0, "axis": "y", "origin": [8.1875, -0.5625, 8]},
			"faces": {
				"north": {"uv": [9, 6.22222, 9.25, 7.11111], "texture": "#0"},
				"east": {"uv": [8.75, 6.22222, 9.25, 7.11111], "texture": "#0"},
				"south": {"uv": [8.75, 6.22222, 9, 7.11111], "texture": "#0"},
				"west": {"uv": [9.25, 6.22222, 8.75, 7.11111], "texture": "#0"},
				"up": {"uv": [8.75, 6.22222, 9.25, 7.11111], "rotation": 270, "texture": "#0"},
				"down": {"uv": [8.75, 6.22222, 9.25, 7.11111], "rotation": 90, "texture": "#0"}
			}
		},
		{
			"name": "assault_rifle_26",
			"from": [7.9375, 8.25, 15.1875],
			"to": [8.4375, 8.5, 16.1875],
			"rotation": {"angle": 0, "axis": "y", "origin": [8.1875, -0.5625, 8]},
			"faces": {
				"north": {"uv": [0.75, 8, 1, 8.88889], "texture": "#0"},
				"east": {"uv": [0, 8, 1, 8.88889], "texture": "#0"},
				"south": {"uv": [0, 8, 0.25, 8.88889], "texture": "#0"},
				"west": {"uv": [1, 8, 0, 8.88889], "texture": "#0"},
				"up": {"uv": [0, 8, 1, 8.88889], "rotation": 270, "texture": "#0"},
				"down": {"uv": [0, 8, 1, 8.88889], "rotation": 90, "texture": "#0"}
			}
		},
		{
			"name": "assault_rifle_27",
			"from": [7.9375, 7.25, 12.4375],
			"to": [8.4375, 8.5, 12.6875],
			"rotation": {"angle": 0, "axis": "y", "origin": [8.1875, -0.5625, 8]},
			"faces": {
				"north": {"uv": [3.5, 8, 3.75, 12.44444], "texture": "#0"},
				"east": {"uv": [3.5, 8, 3.75, 12.44444], "texture": "#0"},
				"south": {"uv": [3.5, 8, 3.75, 12.44444], "texture": "#0"},
				"west": {"uv": [3.75, 8, 3.5, 12.44444], "texture": "#0"},
				"up": {"uv": [3.5, 8, 3.75, 8.88889], "rotation": 270, "texture": "#0"},
				"down": {"uv": [3.5, 11.55556, 3.75, 12.44444], "rotation": 90, "texture": "#0"}
			}
		},
		{
			"name": "assault_rifle_28",
			"from": [7.9375, 8.25, 10.1875],
			"to": [8.4375, 8.5, 11.4375],
			"rotation": {"angle": 0, "axis": "y", "origin": [8.1875, -0.5625, 8]},
			"faces": {
				"north": {"uv": [5.75, 8, 6, 8.88889], "texture": "#0"},
				"east": {"uv": [4.75, 8, 6, 8.88889], "texture": "#0"},
				"south": {"uv": [4.75, 8, 5, 8.88889], "texture": "#0"},
				"west": {"uv": [6, 8, 4.75, 8.88889], "texture": "#0"},
				"up": {"uv": [4.75, 8, 6, 8.88889], "rotation": 270, "texture": "#0"},
				"down": {"uv": [4.75, 8, 6, 8.88889], "rotation": 90, "texture": "#0"}
			}
		},
		{
			"name": "assault_rifle_29",
			"from": [7.9375, 8, 8.1875],
			"to": [8.4375, 8.5, 9.4375],
			"rotation": {"angle": 0, "axis": "y", "origin": [8.1875, -0.5625, 8]},
			"faces": {
				"north": {"uv": [7.75, 8, 8, 9.77778], "texture": "#0"},
				"east": {"uv": [6.75, 8, 8, 9.77778], "texture": "#0"},
				"south": {"uv": [6.75, 8, 7, 9.77778], "texture": "#0"},
				"west": {"uv": [8, 8, 6.75, 9.77778], "texture": "#0"},
				"up": {"uv": [6.75, 8, 8, 8.88889], "rotation": 270, "texture": "#0"},
				"down": {"uv": [6.75, 8.88889, 8, 9.77778], "rotation": 90, "texture": "#0"}
			}
		},
		{
			"name": "assault_rifle_30",
			"from": [7.9375, 8, 15.1875],
			"to": [8.4375, 8.25, 15.4375],
			"rotation": {"angle": 0, "axis": "y", "origin": [8.1875, -0.5625, 8]},
			"faces": {
				"north": {"uv": [0.75, 8.88889, 1, 9.77778], "texture": "#0"},
				"east": {"uv": [0.75, 8.88889, 1, 9.77778], "texture": "#0"},
				"south": {"uv": [0.75, 8.88889, 1, 9.77778], "texture": "#0"},
				"west": {"uv": [1, 8.88889, 0.75, 9.77778], "texture": "#0"},
				"up": {"uv": [0.75, 8.88889, 1, 9.77778], "rotation": 270, "texture": "#0"},
				"down": {"uv": [0.75, 8.88889, 1, 9.77778], "rotation": 90, "texture": "#0"}
			}
		},
		{
			"name": "assault_rifle_31",
			"from": [7.9375, 7.75, 11.6875],
			"to": [8.4375, 8.25, 12.4375],
			"rotation": {"angle": 0, "axis": "y", "origin": [8.1875, -0.5625, 8]},
			"faces": {
				"north": {"uv": [4.25, 8.88889, 4.5, 10.66667], "texture": "#0"},
				"east": {"uv": [3.75, 8.88889, 4.5, 10.66667], "texture": "#0"},
				"south": {"uv": [3.75, 8.88889, 4, 10.66667], "texture": "#0"},
				"west": {"uv": [4.5, 8.88889, 3.75, 10.66667], "texture": "#0"},
				"up": {"uv": [3.75, 8.88889, 4.5, 9.77778], "rotation": 270, "texture": "#0"},
				"down": {"uv": [3.75, 9.77778, 4.5, 10.66667], "rotation": 90, "texture": "#0"}
			}
		},
		{
			"name": "assault_rifle_32",
			"from": [7.9375, 7.5, 12.6875],
			"to": [8.4375, 8, 12.9375],
			"rotation": {"angle": 0, "axis": "y", "origin": [8.1875, -0.5625, 8]},
			"faces": {
				"north": {"uv": [3.25, 9.77778, 3.5, 11.55556], "texture": "#0"},
				"east": {"uv": [3.25, 9.77778, 3.5, 11.55556], "texture": "#0"},
				"south": {"uv": [3.25, 9.77778, 3.5, 11.55556], "texture": "#0"},
				"west": {"uv": [3.5, 9.77778, 3.25, 11.55556], "texture": "#0"},
				"up": {"uv": [3.25, 9.77778, 3.5, 10.66667], "rotation": 270, "texture": "#0"},
				"down": {"uv": [3.25, 10.66667, 3.5, 11.55556], "rotation": 90, "texture": "#0"}
			}
		},
		{
			"name": "assault_rifle_33",
			"from": [7.9375, 7.5, 7.9375],
			"to": [8.4375, 8, 9.1875],
			"rotation": {"angle": 0, "axis": "y", "origin": [8.1875, -0.5625, 8]},
			"faces": {
				"north": {"uv": [8, 9.77778, 8.25, 11.55556], "texture": "#0"},
				"east": {"uv": [7, 9.77778, 8.25, 11.55556], "texture": "#0"},
				"south": {"uv": [7, 9.77778, 7.25, 11.55556], "texture": "#0"},
				"west": {"uv": [8.25, 9.77778, 7, 11.55556], "texture": "#0"},
				"up": {"uv": [7, 9.77778, 8.25, 10.66667], "rotation": 270, "texture": "#0"},
				"down": {"uv": [7, 10.66667, 8.25, 11.55556], "rotation": 90, "texture": "#0"}
			}
		},
		{
			"name": "assault_rifle_34",
			"from": [7.9375, 7.25, 11.9375],
			"to": [8.4375, 7.75, 12.4375],
			"rotation": {"angle": 0, "axis": "y", "origin": [8.1875, -0.5625, 8]},
			"faces": {
				"north": {"uv": [4, 10.66667, 4.25, 12.44444], "texture": "#0"},
				"east": {"uv": [3.75, 10.66667, 4.25, 12.44444], "texture": "#0"},
				"south": {"uv": [3.75, 10.66667, 4, 12.44444], "texture": "#0"},
				"west": {"uv": [4.25, 10.66667, 3.75, 12.44444], "texture": "#0"},
				"up": {"uv": [3.75, 10.66667, 4.25, 11.55556], "rotation": 270, "texture": "#0"},
				"down": {"uv": [3.75, 11.55556, 4.25, 12.44444], "rotation": 90, "texture": "#0"}
			}
		},
		{
			"name": "assault_rifle_35",
			"from": [7.9375, 6.25, 7.6875],
			"to": [8.4375, 7.75, 7.9375],
			"rotation": {"angle": 0, "axis": "y", "origin": [8.1875, -0.5625, 8]},
			"faces": {
				"north": {"uv": [8.25, 10.66667, 8.5, 16], "texture": "#0"},
				"east": {"uv": [8.25, 10.66667, 8.5, 16], "texture": "#0"},
				"south": {"uv": [8.25, 10.66667, 8.5, 16], "texture": "#0"},
				"west": {"uv": [8.5, 10.66667, 8.25, 16], "texture": "#0"},
				"up": {"uv": [8.25, 10.66667, 8.5, 11.55556], "rotation": 270, "texture": "#0"},
				"down": {"uv": [8.25, 15.11111, 8.5, 16], "rotation": 90, "texture": "#0"}
			}
		},
		{
			"name": "assault_rifle_36",
			"from": [7.9375, 7.25, 7.9375],
			"to": [8.4375, 7.5, 8.9375],
			"rotation": {"angle": 0, "axis": "y", "origin": [8.1875, -0.5625, 8]},
			"faces": {
				"north": {"uv": [8, 11.55556, 8.25, 12.44444], "texture": "#0"},
				"east": {"uv": [7.25, 11.55556, 8.25, 12.44444], "texture": "#0"},
				"south": {"uv": [7.25, 11.55556, 7.5, 12.44444], "texture": "#0"},
				"west": {"uv": [8.25, 11.55556, 7.25, 12.44444], "texture": "#0"},
				"up": {"uv": [7.25, 11.55556, 8.25, 12.44444], "rotation": 270, "texture": "#0"},
				"down": {"uv": [7.25, 11.55556, 8.25, 12.44444], "rotation": 90, "texture": "#0"}
			}
		},
		{
			"name": "assault_rifle_37",
			"from": [7.9375, 6.25, 7.4375],
			"to": [8.4375, 7.5, 7.6875],
			"rotation": {"angle": 0, "axis": "y", "origin": [8.1875, -0.5625, 8]},
			"faces": {
				"north": {"uv": [8.5, 11.55556, 8.75, 16], "texture": "#0"},
				"east": {"uv": [8.5, 11.55556, 8.75, 16], "texture": "#0"},
				"south": {"uv": [8.5, 11.55556, 8.75, 16], "texture": "#0"},
				"west": {"uv": [8.75, 11.55556, 8.5, 16], "texture": "#0"},
				"up": {"uv": [8.5, 11.55556, 8.75, 12.44444], "rotation": 270, "texture": "#0"},
				"down": {"uv": [8.5, 15.11111, 8.75, 16], "rotation": 90, "texture": "#0"}
			}
		},
		{
			"name": "assault_rifle_38",
			"from": [7.9375, 7, 12.1875],
			"to": [8.4375, 7.25, 12.4375],
			"rotation": {"angle": 0, "axis": "y", "origin": [8.1875, -0.5625, 8]},
			"faces": {
				"north": {"uv": [3.75, 12.44444, 4, 13.33333], "texture": "#0"},
				"east": {"uv": [3.75, 12.44444, 4, 13.33333], "texture": "#0"},
				"south": {"uv": [3.75, 12.44444, 4, 13.33333], "texture": "#0"},
				"west": {"uv": [4, 12.44444, 3.75, 13.33333], "texture": "#0"},
				"up": {"uv": [3.75, 12.44444, 4, 13.33333], "rotation": 270, "texture": "#0"},
				"down": {"uv": [3.75, 12.44444, 4, 13.33333], "rotation": 90, "texture": "#0"}
			}
		},
		{
			"name": "assault_rifle_39",
			"from": [7.9375, 7, 7.9375],
			"to": [8.4375, 7.25, 8.6875],
			"rotation": {"angle": 0, "axis": "y", "origin": [8.1875, -0.5625, 8]},
			"faces": {
				"north": {"uv": [8, 12.44444, 8.25, 13.33333], "texture": "#0"},
				"east": {"uv": [7.5, 12.44444, 8.25, 13.33333], "texture": "#0"},
				"south": {"uv": [7.5, 12.44444, 7.75, 13.33333], "texture": "#0"},
				"west": {"uv": [8.25, 12.44444, 7.5, 13.33333], "texture": "#0"},
				"up": {"uv": [7.5, 12.44444, 8.25, 13.33333], "rotation": 270, "texture": "#0"},
				"down": {"uv": [7.5, 12.44444, 8.25, 13.33333], "rotation": 90, "texture": "#0"}
			}
		},
		{
			"name": "assault_rifle_40",
			"from": [7.9375, 6.5, 7.1875],
			"to": [8.4375, 7.25, 7.4375],
			"rotation": {"angle": 0, "axis": "y", "origin": [8.1875, -0.5625, 8]},
			"faces": {
				"north": {"uv": [8.75, 12.44444, 9, 15.11111], "texture": "#0"},
				"east": {"uv": [8.75, 12.44444, 9, 15.11111], "texture": "#0"},
				"south": {"uv": [8.75, 12.44444, 9, 15.11111], "texture": "#0"},
				"west": {"uv": [9, 12.44444, 8.75, 15.11111], "texture": "#0"},
				"up": {"uv": [8.75, 12.44444, 9, 13.33333], "rotation": 270, "texture": "#0"},
				"down": {"uv": [8.75, 14.22222, 9, 15.11111], "rotation": 90, "texture": "#0"}
			}
		},
		{
			"name": "assault_rifle_41",
			"from": [7.9375, 6.75, 7.9375],
			"to": [8.4375, 7, 8.4375],
			"rotation": {"angle": 0, "axis": "y", "origin": [8.1875, -0.5625, 8]},
			"faces": {
				"north": {"uv": [8, 13.33333, 8.25, 14.22222], "texture": "#0"},
				"east": {"uv": [7.75, 13.33333, 8.25, 14.22222], "texture": "#0"},
				"south": {"uv": [7.75, 13.33333, 8, 14.22222], "texture": "#0"},
				"west": {"uv": [8.25, 13.33333, 7.75, 14.22222], "texture": "#0"},
				"up": {"uv": [7.75, 13.33333, 8.25, 14.22222], "rotation": 270, "texture": "#0"},
				"down": {"uv": [7.75, 13.33333, 8.25, 14.22222], "rotation": 90, "texture": "#0"}
			}
		},
		{
			"name": "assault_rifle_42",
			"from": [7.9375, 6.75, 6.9375],
			"to": [8.4375, 7, 7.1875],
			"rotation": {"angle": 0, "axis": "y", "origin": [8.1875, -0.5625, 8]},
			"faces": {
				"north": {"uv": [9, 13.33333, 9.25, 14.22222], "texture": "#0"},
				"east": {"uv": [9, 13.33333, 9.25, 14.22222], "texture": "#0"},
				"south": {"uv": [9, 13.33333, 9.25, 14.22222], "texture": "#0"},
				"west": {"uv": [9.25, 13.33333, 9, 14.22222], "texture": "#0"},
				"up": {"uv": [9, 13.33333, 9.25, 14.22222], "rotation": 270, "texture": "#0"},
				"down": {"uv": [9, 13.33333, 9.25, 14.22222], "rotation": 90, "texture": "#0"}
			}
		},
		{
			"name": "assault_rifle_43",
			"from": [7.9375, 6.5, 7.9375],
			"to": [8.4375, 6.75, 8.1875],
			"rotation": {"angle": 0, "axis": "y", "origin": [8.1875, -0.5625, 8]},
			"faces": {
				"north": {"uv": [8, 14.22222, 8.25, 15.11111], "texture": "#0"},
				"east": {"uv": [8, 14.22222, 8.25, 15.11111], "texture": "#0"},
				"south": {"uv": [8, 14.22222, 8.25, 15.11111], "texture": "#0"},
				"west": {"uv": [8.25, 14.22222, 8, 15.11111], "texture": "#0"},
				"up": {"uv": [8, 14.22222, 8.25, 15.11111], "rotation": 270, "texture": "#0"},
				"down": {"uv": [8, 14.22222, 8.25, 15.11111], "rotation": 90, "texture": "#0"}
			}
		}
	],
	"display": {
		"thirdperson_righthand": {
			"translation": [0, -0.75, -3.25],
			"scale": [1.20703, 1.25, 1.25]
		},
		"thirdperson_lefthand": {
			"translation": [0, 0, -3.25],
			"scale": [1.20703, 1.25, 1.25]
		},
		"firstperson_righthand": {
			"translation": [-2.5, 3.75, 4]
		},
		"firstperson_lefthand": {
			"translation": [0.75, 3.75, 2.75]
		},
		"ground": {
			"scale": [2, 2, 2]
		},
		"gui": {
			"rotation": [90, 51.75, -90],
			"translation": [-1.5, -1, 0]
		},
		"head": {
			"translation": [0, 4.5, -12.25],
			"scale": [1.58, 1.83, 2.52]
		},
		"fixed": {
			"rotation": [90, 50, -90],
			"translation": [-0.75, -0.5, 0],
			"scale": [1.25, 1.25, 1.225]
		}
	},
	"groups": [
		{
			"name": "assault_rifle",
			"origin": [8, 8, 8],
			"color": 0,
			"children": [0, 1, 2, 3, 4, 5, 6, 7, 8, 9, 10, 11, 12, 13, 14, 15, 16, 17, 18, 19, 20, 21, 22, 23, 24, 25, 26, 27, 28, 29, 30, 31, 32, 33, 34, 35, 36, 37, 38, 39, 40, 41, 42, 43]
		}
	]
}