{
	"credit": "Made with Blockbench",
	"textures": {
		"0": "minecraft:block/raw_gold_block",
		"particle": "minecraft:block/raw_gold_block"
	},
	"elements": [
		{
			"from": [7, 0, 11],
			"to": [9, 2, 13],
			"rotation": {"angle": 22.5, "axis": "y", "origin": [7, 0, 11]},
			"faces": {
				"north": {"uv": [4, 3, 6, 5], "texture": "#0"},
				"east": {"uv": [1, 4, 3, 6], "texture": "#0"},
				"south": {"uv": [3, 3, 5, 5], "texture": "#0"},
				"west": {"uv": [5, 5, 7, 7], "texture": "#0"},
				"up": {"uv": [5, 5, 7, 7], "texture": "#0"},
				"down": {"uv": [12, 8, 14, 10], "texture": "#0"}
			}
		},
		{
			"from": [11, 0, 4],
			"to": [13, 1, 6],
			"rotation": {"angle": 0, "axis": "y", "origin": [11, 0, 4]},
			"faces": {
				"north": {"uv": [0, 0, 2, 1], "texture": "#0"},
				"east": {"uv": [0, 0, 2, 1], "texture": "#0"},
				"south": {"uv": [0, 0, 2, 1], "texture": "#0"},
				"west": {"uv": [0, 0, 2, 1], "texture": "#0"},
				"up": {"uv": [7, 0, 9, 2], "texture": "#0"},
				"down": {"uv": [4, 12, 6, 14], "texture": "#0"}
			}
		},
		{
			"from": [2, 0, 6],
			"to": [4, 1, 8],
			"rotation": {"angle": -22.5, "axis": "y", "origin": [2, 0, 6]},
			"faces": {
				"north": {"uv": [0, 0, 2, 1], "texture": "#0"},
				"east": {"uv": [0, 0, 2, 1], "texture": "#0"},
				"south": {"uv": [0, 0, 2, 1], "texture": "#0"},
				"west": {"uv": [0, 0, 2, 1], "texture": "#0"},
				"up": {"uv": [6, 0, 8, 2], "texture": "#0"},
				"down": {"uv": [9, 1, 11, 3], "texture": "#0"}
			}
		},
		{
			"from": [5, 0, 11],
			"to": [7, 1, 13],
			"rotation": {"angle": -22.5, "axis": "y", "origin": [5, 0, 11]},
			"faces": {
				"north": {"uv": [0, 0, 2, 1], "texture": "#0"},
				"east": {"uv": [0, 0, 2, 1], "texture": "#0"},
				"south": {"uv": [0, 0, 2, 1], "texture": "#0"},
				"west": {"uv": [0, 0, 2, 1], "texture": "#0"},
				"up": {"uv": [0, 1, 2, 3], "texture": "#0"},
				"down": {"uv": [5, 0, 7, 2], "texture": "#0"}
			}
		},
		{
			"from": [5, 0, 3],
			"to": [7, 2, 5],
			"rotation": {"angle": 45, "axis": "y", "origin": [5, 0, 3]},
			"faces": {
				"north": {"uv": [0, 0, 2, 2], "texture": "#0"},
				"east": {"uv": [0, 0, 2, 2], "texture": "#0"},
				"south": {"uv": [0, 0, 2, 2], "texture": "#0"},
				"west": {"uv": [0, 0, 2, 2], "texture": "#0"},
				"up": {"uv": [2, 12, 4, 14], "texture": "#0"},
				"down": {"uv": [4, 5, 6, 7], "texture": "#0"}
			}
		},
		{
			"from": [10, 0, 11],
			"to": [12, 1, 13],
			"rotation": {"angle": 22.5, "axis": "y", "origin": [10, 0, 11]},
			"faces": {
				"north": {"uv": [0, 0, 2, 1], "texture": "#0"},
				"east": {"uv": [0, 0, 2, 1], "texture": "#0"},
				"south": {"uv": [0, 0, 2, 1], "texture": "#0"},
				"west": {"uv": [0, 0, 2, 1], "texture": "#0"},
				"up": {"uv": [0, 0, 2, 2], "texture": "#0"},
				"down": {"uv": [11, 8, 13, 10], "texture": "#0"}
			}
		},
		{
			"from": [7, 0, 5],
			"to": [9, 5, 7],
			"rotation": {"angle": 45, "axis": "y", "origin": [7, 0, 5]},
			"faces": {
				"north": {"uv": [12, 6, 14, 11], "texture": "#0"},
				"east": {"uv": [12, 8, 14, 13], "texture": "#0"},
				"south": {"uv": [11, 7, 13, 12], "texture": "#0"},
				"west": {"uv": [12, 8, 14, 13], "texture": "#0"},
				"up": {"uv": [12, 7, 14, 9], "texture": "#0"},
				"down": {"uv": [3, 0, 5, 2], "texture": "#0"}
			}
		},
		{
			"from": [4, 0, 4],
			"to": [6, 5, 6],
			"rotation": {"angle": -22.5, "axis": "y", "origin": [4, 0, 6]},
			"faces": {
				"north": {"uv": [12, 8, 14, 13], "texture": "#0"},
				"east": {"uv": [13, 8, 15, 13], "texture": "#0"},
				"south": {"uv": [13, 8, 15, 13], "texture": "#0"},
				"west": {"uv": [11, 8, 13, 13], "texture": "#0"},
				"up": {"uv": [13, 6, 15, 8], "rotation": 270, "texture": "#0"},
				"down": {"uv": [8, 4, 10, 6], "rotation": 90, "texture": "#0"}
			}
		},
		{
			"from": [7, 0, 7],
			"to": [9, 7, 9],
			"rotation": {"angle": -22.5, "axis": "y", "origin": [7, 0, 7]},
			"faces": {
				"north": {"uv": [13, 6, 15, 13], "texture": "#0"},
				"east": {"uv": [12, 5, 14, 12], "texture": "#0"},
				"south": {"uv": [13, 5, 15, 12], "texture": "#0"},
				"west": {"uv": [12, 5, 14, 12], "texture": "#0"},
				"up": {"uv": [4, 4, 6, 6], "texture": "#0"},
				"down": {"uv": [6, 8, 8, 10], "texture": "#0"}
			}
		},
		{
			"from": [3, 0, 8],
			"to": [5, 5, 10],
			"rotation": {"angle": 22.5, "axis": "y", "origin": [5, 0, 8]},
			"faces": {
				"north": {"uv": [11, 9, 13, 14], "texture": "#0"},
				"east": {"uv": [12, 7, 14, 12], "texture": "#0"},
				"south": {"uv": [13, 8, 15, 13], "texture": "#0"},
				"west": {"uv": [12, 8, 14, 13], "texture": "#0"},
				"up": {"uv": [13, 6, 15, 8], "rotation": 90, "texture": "#0"},
				"down": {"uv": [13, 6, 15, 8], "rotation": 270, "texture": "#0"}
			}
		},
		{
			"from": [10, 0, 7],
			"to": [12, 4, 9],
			"rotation": {"angle": -22.5, "axis": "y", "origin": [10, 0, 7]},
			"faces": {
				"north": {"uv": [12, 9, 14, 13], "texture": "#0"},
				"east": {"uv": [13, 8, 15, 12], "texture": "#0"},
				"south": {"uv": [12, 7, 14, 11], "texture": "#0"},
				"west": {"uv": [12, 7, 14, 11], "texture": "#0"},
				"up": {"uv": [12, 1, 14, 3], "texture": "#0"},
				"down": {"uv": [8, 11, 10, 13], "texture": "#0"}
			}
		}
	],
	"display": {
		"ground": {
			"translation": [0, 4.75, 0]
		}
	}
}