{
	"credit": "Made with Blockbench",
	"texture_size": [64, 64],
	"textures": {
		"0": "arcadiusmc:item/pirate_hat",
		"particle": "arcadiusmc:item/pirate_hat"
	},
	"elements": [
		{
			"from": [1, 5, 0],
			"to": [14, 11, 13],
			"rotation": {"angle": 0, "axis": "y", "origin": [0, 5, 0]},
			"faces": {
				"north": {"uv": [5.5, 2.5, 8.75, 4], "texture": "#0"},
				"east": {"uv": [5.5, 4, 8.75, 5.5], "texture": "#0"},
				"south": {"uv": [5.5, 5.5, 8.75, 7], "texture": "#0"},
				"west": {"uv": [0, 6.5, 3.25, 8], "texture": "#0"},
				"up": {"uv": [3.25, 3.25, 0, 0], "texture": "#0"},
				"down": {"uv": [3.25, 3.25, 0, 6.5], "texture": "#0"}
			}
		},
		{
			"from": [1.25, 3, 0.25],
			"to": [13.75, 5, 0.25],
			"rotation": {"angle": 0, "axis": "y", "origin": [0, 5, 0]},
			"faces": {
				"north": {"uv": [5.5, 7, 8.75, 7.5], "texture": "#0"},
				"east": {"uv": [5.5, 7, 8.75, 7.5], "texture": "#0"},
				"south": {"uv": [8.75, 7, 5.5, 7.5], "texture": "#0"},
				"west": {"uv": [5.5, 7, 8.75, 7.5], "texture": "#0"},
				"up": {"uv": [5.5, 7, 8.75, 7.5], "texture": "#0"},
				"down": {"uv": [5.5, 7, 8.75, 7.5], "texture": "#0"}
			}
		},
		{
			"from": [1.25, 3, 12.75],
			"to": [13.75, 5, 12.75],
			"rotation": {"angle": 0, "axis": "y", "origin": [0, 5, 0]},
			"faces": {
				"north": {"uv": [11, 0, 7.75, 0.5], "texture": "#0"},
				"east": {"uv": [7.75, 0, 11, 0.5], "texture": "#0"},
				"south": {"uv": [7.75, 0, 11, 0.5], "texture": "#0"},
				"west": {"uv": [7.75, 0, 11, 0.5], "texture": "#0"},
				"up": {"uv": [7.75, 0, 11, 0.5], "texture": "#0"},
				"down": {"uv": [7.75, 0, 11, 0.5], "texture": "#0"}
			}
		},
		{
			"from": [13.75, 3, 0.25],
			"to": [13.75, 5, 12.75],
			"rotation": {"angle": 0, "axis": "y", "origin": [0, 5, 0]},
			"faces": {
				"north": {"uv": [7.75, 0.5, 11, 1], "texture": "#0"},
				"east": {"uv": [7.75, 0.5, 11, 1], "texture": "#0"},
				"south": {"uv": [7.75, 0.5, 11, 1], "texture": "#0"},
				"west": {"uv": [11, 0.5, 7.75, 1], "texture": "#0"},
				"up": {"uv": [7.75, 0.5, 11, 1], "texture": "#0"},
				"down": {"uv": [7.75, 0.5, 11, 1], "texture": "#0"}
			}
		},
		{
			"from": [1.25, 3, 0.25],
			"to": [1.25, 5, 12.75],
			"rotation": {"angle": 0, "axis": "y", "origin": [0, 5, 0]},
			"faces": {
				"north": {"uv": [7.75, 2, 11, 2.5], "texture": "#0"},
				"east": {"uv": [11, 2, 7.75, 2.5], "texture": "#0"},
				"south": {"uv": [7.75, 2, 11, 2.5], "texture": "#0"},
				"west": {"uv": [7.75, 2, 11, 2.5], "texture": "#0"},
				"up": {"uv": [7.75, 2, 11, 2.5], "texture": "#0"},
				"down": {"uv": [7.75, 2, 11, 2.5], "texture": "#0"}
			}
		},
		{
			"from": [-3.75, 0, 11.75],
			"to": [1.25, 5, 11.75],
			"rotation": {"angle": 0, "axis": "y", "origin": [0, 5, 0]},
			"faces": {
				"north": {"uv": [0, 8, 1.25, 9.25], "texture": "#0"},
				"east": {"uv": [0, 8, 1.25, 9.25], "texture": "#0"},
				"south": {"uv": [1.25, 8, 0, 9.25], "texture": "#0"},
				"west": {"uv": [0, 8, 1.25, 9.25], "texture": "#0"},
				"up": {"uv": [0, 8, 1.25, 9.25], "texture": "#0"},
				"down": {"uv": [0, 8, 1.25, 9.25], "texture": "#0"}
			}
		},
		{
			"from": [17.81598, 5, -0.37555],
			"to": [18.81598, 9, 2.62445],
			"rotation": {"angle": 45, "axis": "y", "origin": [18.94098, 8, 1.19945]},
			"faces": {
				"north": {"uv": [7.25, 10.25, 7.5, 11.25], "texture": "#0"},
				"east": {"uv": [9.5, 4.5, 10.25, 5.5], "texture": "#0"},
				"south": {"uv": [7.5, 10.25, 7.75, 11.25], "texture": "#0"},
				"west": {"uv": [10.25, 4.5, 9.5, 5.5], "texture": "#0"},
				"up": {"uv": [10.75, 4, 10.5, 3.25], "texture": "#0"},
				"down": {"uv": [10.75, 4, 10.5, 4.75], "texture": "#0"}
			}
		},
		{
			"from": [14.6, 5, -0.9],
			"to": [17.6, 11, 0.1],
			"rotation": {"angle": -22.5, "axis": "y", "origin": [15, 7, 0]},
			"faces": {
				"north": {"uv": [8.75, 4, 9.5, 5.5], "texture": "#0"},
				"east": {"uv": [5.5, 10.25, 5.75, 11.75], "texture": "#0"},
				"south": {"uv": [9.5, 4, 8.75, 5.5], "texture": "#0"},
				"west": {"uv": [5.75, 10.25, 6, 11.75], "texture": "#0"},
				"up": {"uv": [11.25, 3, 10.5, 2.75], "texture": "#0"},
				"down": {"uv": [11.25, 3, 10.5, 3.25], "texture": "#0"}
			}
		},
		{
			"from": [12, 5, -1],
			"to": [15, 13, 0],
			"rotation": {"angle": 0, "axis": "y", "origin": [14, 5, 0]},
			"faces": {
				"north": {"uv": [4, 8, 4.75, 10], "texture": "#0"},
				"east": {"uv": [10.25, 2.5, 10.5, 4.5], "texture": "#0"},
				"south": {"uv": [4.75, 8, 4, 10], "texture": "#0"},
				"west": {"uv": [4, 10.25, 4.25, 12.25], "texture": "#0"},
				"up": {"uv": [11, 10.5, 10.25, 10.25], "texture": "#0"},
				"down": {"uv": [11.25, 2.5, 10.5, 2.75], "texture": "#0"}
			}
		},
		{
			"from": [3, 5, -1],
			"to": [12, 15, 0],
			"rotation": {"angle": 0, "axis": "y", "origin": [0, 5, 0]},
			"faces": {
				"north": {"uv": [3.25, 0, 5.5, 2.5], "texture": "#0"},
				"east": {"uv": [3, 10, 3.25, 12.5], "texture": "#0"},
				"south": {"uv": [3.25, 2.5, 5.5, 5], "texture": "#0"},
				"west": {"uv": [3.25, 10, 3.5, 12.5], "texture": "#0"},
				"up": {"uv": [12, 7.75, 9.75, 7.5], "texture": "#0"},
				"down": {"uv": [12, 7.75, 9.75, 8], "texture": "#0"}
			}
		},
		{
			"from": [0, 5, -1],
			"to": [3, 13, 0],
			"rotation": {"angle": 0, "axis": "y", "origin": [1, 5, 0]},
			"faces": {
				"north": {"uv": [2.5, 8, 3.25, 10], "texture": "#0"},
				"east": {"uv": [10, 8, 10.25, 10], "texture": "#0"},
				"south": {"uv": [3.25, 8, 2.5, 10], "texture": "#0"},
				"west": {"uv": [10, 10, 10.25, 12], "texture": "#0"},
				"up": {"uv": [11, 10, 10.25, 9.75], "texture": "#0"},
				"down": {"uv": [11, 10, 10.25, 10.25], "texture": "#0"}
			}
		},
		{
			"from": [-2.6, 5, -0.9],
			"to": [0.4, 11, 0.1],
			"rotation": {"angle": 22.5, "axis": "y", "origin": [0, 7, 0]},
			"faces": {
				"north": {"uv": [8.5, 8, 9.25, 9.5], "texture": "#0"},
				"east": {"uv": [5, 10.25, 5.25, 11.75], "texture": "#0"},
				"south": {"uv": [9.25, 8, 8.5, 9.5], "texture": "#0"},
				"west": {"uv": [5.25, 10.25, 5.5, 11.75], "texture": "#0"},
				"up": {"uv": [9.5, 7.25, 8.75, 7], "texture": "#0"},
				"down": {"uv": [9.5, 7.25, 8.75, 7.5], "texture": "#0"}
			}
		},
		{
			"from": [-3.81598, 5, -0.37555],
			"to": [-2.81598, 9, 2.62445],
			"rotation": {"angle": -45, "axis": "y", "origin": [-3.94098, 8, 1.19945]},
			"faces": {
				"north": {"uv": [10.25, 6.5, 10.5, 7.5], "texture": "#0"},
				"east": {"uv": [10.25, 3.5, 9.5, 4.5], "texture": "#0"},
				"south": {"uv": [7, 10.25, 7.25, 11.25], "texture": "#0"},
				"west": {"uv": [9.5, 3.5, 10.25, 4.5], "texture": "#0"},
				"up": {"uv": [2.5, 10, 2.25, 9.25], "texture": "#0"},
				"down": {"uv": [10.5, 9, 10.25, 9.75], "texture": "#0"}
			}
		},
		{
			"from": [17.81598, 5, 10.37555],
			"to": [18.81598, 9, 13.37555],
			"rotation": {"angle": -45, "axis": "y", "origin": [18.94098, 8, 11.80055]},
			"faces": {
				"north": {"uv": [7.75, 10.25, 7.5, 11.25], "texture": "#0"},
				"east": {"uv": [10.25, 4.5, 9.5, 5.5], "texture": "#0"},
				"south": {"uv": [7.5, 10.25, 7.25, 11.25], "texture": "#0"},
				"west": {"uv": [9.5, 4.5, 10.25, 5.5], "texture": "#0"},
				"up": {"uv": [10.75, 3.25, 10.5, 4], "texture": "#0"},
				"down": {"uv": [10.75, 4.75, 10.5, 4], "texture": "#0"}
			}
		},
		{
			"from": [14.6, 5, 12.9],
			"to": [17.6, 11, 13.9],
			"rotation": {"angle": 22.5, "axis": "y", "origin": [15, 7, 13]},
			"faces": {
				"north": {"uv": [8.75, 4, 9.5, 5.5], "texture": "#0"},
				"east": {"uv": [5.75, 10.25, 5.5, 11.75], "texture": "#0"},
				"south": {"uv": [9.5, 4, 8.75, 5.5], "texture": "#0"},
				"west": {"uv": [6, 10.25, 5.75, 11.75], "texture": "#0"},
				"up": {"uv": [11.25, 2.75, 10.5, 3], "texture": "#0"},
				"down": {"uv": [11.25, 3.25, 10.5, 3], "texture": "#0"}
			}
		},
		{
			"from": [12, 5, 13],
			"to": [15, 13, 14],
			"rotation": {"angle": 0, "axis": "y", "origin": [14, 5, 13]},
			"faces": {
				"north": {"uv": [4, 8, 4.75, 10], "texture": "#0"},
				"east": {"uv": [10.5, 2.5, 10.25, 4.5], "texture": "#0"},
				"south": {"uv": [4.75, 8, 4, 10], "texture": "#0"},
				"west": {"uv": [4.25, 10.25, 4, 12.25], "texture": "#0"},
				"up": {"uv": [11, 10.25, 10.25, 10.5], "texture": "#0"},
				"down": {"uv": [11.25, 2.75, 10.5, 2.5], "texture": "#0"}
			}
		},
		{
			"from": [3, 5, 13],
			"to": [12, 15, 14],
			"rotation": {"angle": 0, "axis": "y", "origin": [0, 5, 13]},
			"faces": {
				"north": {"uv": [5.5, 2.5, 3.25, 5], "texture": "#0"},
				"east": {"uv": [3.25, 10, 3, 12.5], "texture": "#0"},
				"south": {"uv": [3.25, 2.5, 5.5, 5], "texture": "#0"},
				"west": {"uv": [3.5, 10, 3.25, 12.5], "texture": "#0"},
				"up": {"uv": [12, 7.5, 9.75, 7.75], "texture": "#0"},
				"down": {"uv": [12, 8, 9.75, 7.75], "texture": "#0"}
			}
		},
		{
			"from": [0, 5, 13],
			"to": [3, 13, 14],
			"rotation": {"angle": 0, "axis": "y", "origin": [1, 5, 13]},
			"faces": {
				"north": {"uv": [2.5, 8, 3.25, 10], "texture": "#0"},
				"east": {"uv": [10.25, 8, 10, 10], "texture": "#0"},
				"south": {"uv": [3.25, 8, 2.5, 10], "texture": "#0"},
				"west": {"uv": [10.25, 10, 10, 12], "texture": "#0"},
				"up": {"uv": [11, 9.75, 10.25, 10], "texture": "#0"},
				"down": {"uv": [11, 10.25, 10.25, 10], "texture": "#0"}
			}
		},
		{
			"from": [-2.6, 5, 12.9],
			"to": [0.4, 11, 13.9],
			"rotation": {"angle": -22.5, "axis": "y", "origin": [0, 7, 13]},
			"faces": {
				"north": {"uv": [8.5, 8, 9.25, 9.5], "texture": "#0"},
				"east": {"uv": [5.25, 10.25, 5, 11.75], "texture": "#0"},
				"south": {"uv": [9.25, 8, 8.5, 9.5], "texture": "#0"},
				"west": {"uv": [5.5, 10.25, 5.25, 11.75], "texture": "#0"},
				"up": {"uv": [9.5, 7, 8.75, 7.25], "texture": "#0"},
				"down": {"uv": [9.5, 7.5, 8.75, 7.25], "texture": "#0"}
			}
		},
		{
			"from": [-3.81598, 5, 10.37555],
			"to": [-2.81598, 9, 13.37555],
			"rotation": {"angle": 45, "axis": "y", "origin": [-3.94098, 8, 11.80055]},
			"faces": {
				"north": {"uv": [7.25, 10.25, 7, 11.25], "texture": "#0"},
				"east": {"uv": [9.5, 3.5, 10.25, 4.5], "texture": "#0"},
				"south": {"uv": [10.5, 6.5, 10.25, 7.5], "texture": "#0"},
				"west": {"uv": [10.25, 3.5, 9.5, 4.5], "texture": "#0"},
				"up": {"uv": [2.5, 9.25, 2.25, 10], "texture": "#0"},
				"down": {"uv": [10.5, 9.75, 10.25, 9], "texture": "#0"}
			}
		}
	],
	"gui_light": "front",
	"display": {
		"thirdperson_righthand": {
			"translation": [0, 0.5, 0],
			"scale": [0.6, 0.6, 0.6]
		},
		"thirdperson_lefthand": {
			"translation": [0, 1.25, 1.25],
			"scale": [0.6, 0.6, 0.6]
		},
		"firstperson_righthand": {
			"rotation": [-180, 65.75, -180],
			"translation": [0, 2.25, 0],
			"scale": [0.7, 0.7, 0.7]
		},
		"firstperson_lefthand": {
			"rotation": [-180, 60.5, 180],
			"translation": [0, 2.25, 0],
			"scale": [0.7, 0.7, 0.7]
		},
		"ground": {
			"scale": [0.5, 0.5, 0.5]
		},
		"gui": {
			"rotation": [-161, 22.25, -180],
			"scale": [0.6, 0.6, 0.6]
		},
		"head": {
			"translation": [0.5, 5.5, 1.75],
			"scale": [1.2, 1.2, 1.2]
		},
		"fixed": {
			"rotation": [-90, 0, 0],
			"translation": [0.75, 1, -5]
		}
	},
	"groups": [
		{
			"name": "group",
			"origin": [8, 8, 8],
			"color": 0,
			"children": [
				0,
				1,
				2,
				3,
				4,
				5,
				{
					"name": "group",
					"origin": [-3.94098, 8, 1.19945],
					"color": 0,
					"children": [6, 7, 8, 9, 10, 11, 12]
				},
				{
					"name": "group",
					"origin": [-3.94098, 8, 1.19945],
					"color": 0,
					"children": [13, 14, 15, 16, 17, 18, 19]
				}
			]
		}
	]
}