{
  "guns.shotgun": {
    "sounds": [
      {
        "name": "arcadiusmc:shotgun",
        "volume": 0.55,
        "weight": 10
      }
    ]
  },
  "guns.assault_rifle": {
    "sounds": [
      {
        "name": "arcadiusmc:pistol",
        "volume": 0.55,
        "weight": 10
      }
    ]
  },
  "guns.pistol": {
    "sounds": [
      {
        "name": "arcadiusmc:pistol",
        "volume": 0.55,
        "weight": 10
      }
    ]
  },
  "guns.rocket_launcher": {
    "sounds": [
      {
        "name": "arcadiusmc:rocket_launcher",
        "volume": 0.55,
        "weight": 10
      }
    ]
  },
  "guns.pickup": {
    "sounds": [
      {
        "name": "arcadiusmc:pickup",
        "volume": 0.55,
        "weight": 10
      }
    ]
  },
  "disgusting_snore": {
    "sounds": [
      {
        "name": "arcadiusmc:snore1",
        "volume": 0.5,
        "weight": 10
      },
      {
        "name": "arcadiusmc:snore2",
        "volume": 0.5,
        "weight": 10
      },
      {
        "name": "arcadiusmc:snore3",
        "volume": 0.5,
        "weight": 10
      }
    ]
  },
  "sea_shanties": {
    "sounds": [
      {
        "name": "arcadiusmc:sea_shanties",
        "volume": 0.5,
        "weight": 10
      }
    ]
  },
  "market_sounds": {
    "sounds": [
      {
        "name": "arcadiusmc:market_sounds",
        "volume": 0.5,
        "weight": 10
      }
    ]
  },
  "trattoria_barella": {
    "sounds": [
      {
        "name": "arcadiusmc:trattoria_barella",
        "volume": 0.5,
        "weight": 10
      }
    ]
  },
  "dialogue_chatter": {
    "sounds": [
      {
        "name": "arcadiusmc:dialogue_chatter",
        "volume": 0.5,
        "weight": 10
      }
    ]
  }
}