{
	"credit": "Made with Blockbench",
	"elements": [
		{
			"from": [0, 0, 8],
			"to": [16, 16, 8],
			"rotation": {"angle": 0, "axis": "y", "origin": [0, 0, 8]},
			"faces": {
				"north": {"uv": [0, 0, 16, 16], "texture": "layer0"},
				"east": {"uv": [0, 0, 0, 16], "texture": "layer0"},
				"south": {"uv": [0, 0, 16, 16], "texture": "layer0"},
				"west": {"uv": [16, 0, 16, 16], "texture": "layer0"},
				"up": {"uv": [16, 0, 0, 0], "texture": "layer0"},
				"down": {"uv": [32, 0, 16, 0], "texture": "layer0"}
			}
		}
	],
	"display": {
		"ground": {
			"translation": [0, 4.25, 0]
		}
	}
}