{
	"credit": "Made with Blockbench",
	"textures": {
		"0": "arcadiusmc:item/coin",
		"particle": "arcadiusmc:item/coin"
	},
	"elements": [
		{
			"from": [6, 5, 7],
			"to": [10, 11, 8],
			"faces": {
				"north": {"uv": [0, 0, 4, 6], "texture": "#0"},
				"east": {"uv": [0, 6, 1, 12], "texture": "#0"},
				"south": {"uv": [4, 0, 8, 6], "texture": "#0"},
				"west": {"uv": [1, 6, 2, 12], "texture": "#0"},
				"up": {"uv": [10, 7, 6, 6], "texture": "#0"},
				"down": {"uv": [10, 7, 6, 8], "texture": "#0"}
			}
		},
		{
			"from": [5, 6, 7],
			"to": [6, 10, 8],
			"faces": {
				"north": {"uv": [2, 6, 3, 10], "texture": "#0"},
				"east": {"uv": [3, 6, 4, 10], "texture": "#0"},
				"south": {"uv": [5, 6, 6, 10], "texture": "#0"},
				"west": {"uv": [4, 6, 5, 10], "texture": "#0"},
				"up": {"uv": [9, 5, 8, 4], "texture": "#0"},
				"down": {"uv": [9, 5, 8, 6], "texture": "#0"}
			}
		},
		{
			"from": [10, 6, 7],
			"to": [11, 10, 8],
			"faces": {
				"north": {"uv": [8, 0, 9, 4], "texture": "#0"},
				"east": {"uv": [6, 8, 7, 12], "texture": "#0"},
				"south": {"uv": [7, 8, 8, 12], "texture": "#0"},
				"west": {"uv": [8, 8, 9, 12], "texture": "#0"},
				"up": {"uv": [10, 1, 9, 0], "texture": "#0"},
				"down": {"uv": [10, 1, 9, 2], "texture": "#0"}
			}
		}
	],
	"gui_light": "front",
	"display": {
		"thirdperson_righthand": {
			"translation": [0, 2, 2]
		},
		"thirdperson_lefthand": {
			"translation": [0, 2, 2]
		},
		"firstperson_righthand": {
			"rotation": [-27.95, -34.34, -16.65],
			"translation": [2.25, 1.5, 0]
		},
		"firstperson_lefthand": {
			"rotation": [-27.95, -34.34, -16.65],
			"translation": [2.25, 1.5, 0]
		},
		"gui": {
			"rotation": [-18.88, -30.1, -9.71],
			"scale": [2.02344, 2.02344, 2.02344]
		},
		"head": {
			"translation": [0, 0.25, -5],
			"scale": [3.03516, 3.03516, 3.03516]
		},
		"fixed": {
			"scale": [2.55078, 2.55078, 2.55078]
		}
	}
}