{
	"credit": "Made with Blockbench",
	"textures": {
		"0": "arcadiusmc:item/rocket_launcher",
		"particle": "arcadiusmc:item/rocket_launcher"
	},
	"elements": [
		{
			"name": "rocket_launcher_0",
			"from": [7.65361, 7.87952, 7.09337],
			"to": [8.34639, 10, 8.44277],
			"rotation": {"angle": 0, "axis": "y", "origin": [8, 7.78313, 8.34639]},
			"faces": {
				"north": {"uv": [9.06024, 0, 9.25301, 8.8], "texture": "#0"},
				"east": {"uv": [7.90361, 0, 9.25301, 8.8], "texture": "#0"},
				"south": {"uv": [7.90361, 0, 8.09639, 8.8], "texture": "#0"},
				"west": {"uv": [9.25301, 0, 7.90361, 8.8], "texture": "#0"},
				"up": {"uv": [7.90361, 0, 9.25301, 0.8], "rotation": 270, "texture": "#0"},
				"down": {"uv": [7.90361, 8, 9.25301, 8.8], "rotation": 90, "texture": "#0"}
			}
		},
		{
			"name": "rocket_launcher_1",
			"from": [7.65361, 7.68675, 5.5512],
			"to": [8.34639, 10, 5.93675],
			"rotation": {"angle": 0, "axis": "y", "origin": [8, 7.78313, 8.34639]},
			"faces": {
				"north": {"uv": [10.60241, 0, 10.79518, 9.6], "texture": "#0"},
				"east": {"uv": [10.40964, 0, 10.79518, 9.6], "texture": "#0"},
				"south": {"uv": [10.40964, 0, 10.60241, 9.6], "texture": "#0"},
				"west": {"uv": [10.79518, 0, 10.40964, 9.6], "texture": "#0"},
				"up": {"uv": [10.40964, 0, 10.79518, 0.8], "rotation": 270, "texture": "#0"},
				"down": {"uv": [10.40964, 8.8, 10.79518, 9.6], "rotation": 90, "texture": "#0"}
			}
		},
		{
			"name": "rocket_launcher_2",
			"from": [7.65361, 7.87952, 5.93675],
			"to": [8.34639, 9.80723, 7.09337],
			"rotation": {"angle": 0, "axis": "y", "origin": [8, 7.78313, 8.34639]},
			"faces": {
				"north": {"uv": [10.21687, 0.8, 10.40964, 8.8], "texture": "#0"},
				"east": {"uv": [9.25301, 0.8, 10.40964, 8.8], "texture": "#0"},
				"south": {"uv": [9.25301, 0.8, 9.44578, 8.8], "texture": "#0"},
				"west": {"uv": [10.40964, 0.8, 9.25301, 8.8], "texture": "#0"},
				"up": {"uv": [9.25301, 0.8, 10.40964, 1.6], "rotation": 270, "texture": "#0"},
				"down": {"uv": [9.25301, 8, 10.40964, 8.8], "rotation": 90, "texture": "#0"}
			}
		},
		{
			"name": "rocket_launcher_3",
			"from": [7.65361, 9.22892, 13.26205],
			"to": [8.34639, 9.42169, 16.34639],
			"rotation": {"angle": 0, "axis": "y", "origin": [8, 7.78313, 8.34639]},
			"faces": {
				"north": {"uv": [2.89157, 2.4, 3.08434, 3.2], "texture": "#0"},
				"east": {"uv": [0, 2.4, 3.08434, 3.2], "texture": "#0"},
				"south": {"uv": [0, 2.4, 0.19277, 3.2], "texture": "#0"},
				"west": {"uv": [3.08434, 2.4, 0, 3.2], "texture": "#0"},
				"up": {"uv": [0, 2.4, 3.08434, 3.2], "rotation": 270, "texture": "#0"},
				"down": {"uv": [0, 2.4, 3.08434, 3.2], "rotation": 90, "texture": "#0"}
			}
		},
		{
			"name": "rocket_launcher_4",
			"from": [7.65361, 8.07229, 8.44277],
			"to": [8.34639, 9.42169, 13.06928],
			"rotation": {"angle": 0, "axis": "y", "origin": [8, 7.78313, 8.34639]},
			"faces": {
				"north": {"uv": [7.71084, 2.4, 7.90361, 8], "texture": "#0"},
				"east": {"uv": [3.27711, 2.4, 7.90361, 8], "texture": "#0"},
				"south": {"uv": [3.27711, 2.4, 3.46988, 8], "texture": "#0"},
				"west": {"uv": [7.90361, 2.4, 3.27711, 8], "texture": "#0"},
				"up": {"uv": [3.27711, 2.4, 7.90361, 3.2], "rotation": 270, "texture": "#0"},
				"down": {"uv": [3.27711, 7.2, 7.90361, 8], "rotation": 90, "texture": "#0"}
			}
		},
		{
			"name": "rocket_launcher_5",
			"from": [7.65361, 8.07229, 4.00904],
			"to": [8.34639, 9.42169, 4.58735],
			"rotation": {"angle": 0, "axis": "y", "origin": [8, 7.78313, 8.34639]},
			"faces": {
				"north": {"uv": [12.14458, 2.4, 12.33735, 8], "texture": "#0"},
				"east": {"uv": [11.75904, 2.4, 12.33735, 8], "texture": "#0"},
				"south": {"uv": [11.75904, 2.4, 11.95181, 8], "texture": "#0"},
				"west": {"uv": [12.33735, 2.4, 11.75904, 8], "texture": "#0"},
				"up": {"uv": [11.75904, 2.4, 12.33735, 3.2], "rotation": 270, "texture": "#0"},
				"down": {"uv": [11.75904, 7.2, 12.33735, 8], "rotation": 90, "texture": "#0"}
			}
		},
		{
			"name": "rocket_launcher_6",
			"from": [7.65361, 8.07229, 0.53916],
			"to": [8.34639, 9.42169, 1.31024],
			"rotation": {"angle": 0, "axis": "y", "origin": [8, 7.78313, 8.34639]},
			"faces": {
				"north": {"uv": [15.61446, 2.4, 15.80723, 8], "texture": "#0"},
				"east": {"uv": [15.03614, 2.4, 15.80723, 8], "texture": "#0"},
				"south": {"uv": [15.03614, 2.4, 15.22892, 8], "texture": "#0"},
				"west": {"uv": [15.80723, 2.4, 15.03614, 8], "texture": "#0"},
				"up": {"uv": [15.03614, 2.4, 15.80723, 3.2], "rotation": 270, "texture": "#0"},
				"down": {"uv": [15.03614, 7.2, 15.80723, 8], "rotation": 90, "texture": "#0"}
			}
		},
		{
			"name": "rocket_launcher_7",
			"from": [7.65361, 8.07229, 13.26205],
			"to": [8.34639, 9.22892, 16.15361],
			"rotation": {"angle": 0, "axis": "y", "origin": [8, 7.78313, 8.34639]},
			"faces": {
				"north": {"uv": [2.89157, 3.2, 3.08434, 8], "texture": "#0"},
				"east": {"uv": [0.19277, 3.2, 3.08434, 8], "texture": "#0"},
				"south": {"uv": [0.19277, 3.2, 0.38554, 8], "texture": "#0"},
				"west": {"uv": [3.08434, 3.2, 0.19277, 8], "texture": "#0"},
				"up": {"uv": [0.19277, 3.2, 3.08434, 4], "rotation": 270, "texture": "#0"},
				"down": {"uv": [0.19277, 7.2, 3.08434, 8], "rotation": 90, "texture": "#0"}
			}
		},
		{
			"name": "rocket_launcher_8",
			"from": [7.65361, 8.26506, 13.06928],
			"to": [8.34639, 9.22892, 13.26205],
			"rotation": {"angle": 0, "axis": "y", "origin": [8, 7.78313, 8.34639]},
			"faces": {
				"north": {"uv": [3.08434, 3.2, 3.27711, 7.2], "texture": "#0"},
				"east": {"uv": [3.08434, 3.2, 3.27711, 7.2], "texture": "#0"},
				"south": {"uv": [3.08434, 3.2, 3.27711, 7.2], "texture": "#0"},
				"west": {"uv": [3.27711, 3.2, 3.08434, 7.2], "texture": "#0"},
				"up": {"uv": [3.08434, 3.2, 3.27711, 4], "rotation": 270, "texture": "#0"},
				"down": {"uv": [3.08434, 6.4, 3.27711, 7.2], "rotation": 90, "texture": "#0"}
			}
		},
		{
			"name": "rocket_launcher_9",
			"from": [7.65361, 7.68675, 4.58735],
			"to": [8.34639, 9.22892, 5.5512],
			"rotation": {"angle": 0, "axis": "y", "origin": [8, 7.78313, 8.34639]},
			"faces": {
				"north": {"uv": [11.56627, 3.2, 11.75904, 9.6], "texture": "#0"},
				"east": {"uv": [10.79518, 3.2, 11.75904, 9.6], "texture": "#0"},
				"south": {"uv": [10.79518, 3.2, 10.98795, 9.6], "texture": "#0"},
				"west": {"uv": [11.75904, 3.2, 10.79518, 9.6], "texture": "#0"},
				"up": {"uv": [10.79518, 3.2, 11.75904, 4], "rotation": 270, "texture": "#0"},
				"down": {"uv": [10.79518, 8.8, 11.75904, 9.6], "rotation": 90, "texture": "#0"}
			}
		},
		{
			"name": "rocket_launcher_10",
			"from": [7.65361, 8.07229, 1.31024],
			"to": [8.34639, 9.22892, 4.00904],
			"rotation": {"angle": 0, "axis": "y", "origin": [8, 7.78313, 8.34639]},
			"faces": {
				"north": {"uv": [14.84337, 3.2, 15.03614, 8], "texture": "#0"},
				"east": {"uv": [12.33735, 3.2, 15.03614, 8], "texture": "#0"},
				"south": {"uv": [12.33735, 3.2, 12.53012, 8], "texture": "#0"},
				"west": {"uv": [15.03614, 3.2, 12.33735, 8], "texture": "#0"},
				"up": {"uv": [12.33735, 3.2, 15.03614, 4], "rotation": 270, "texture": "#0"},
				"down": {"uv": [12.33735, 7.2, 15.03614, 8], "rotation": 90, "texture": "#0"}
			}
		},
		{
			"name": "rocket_launcher_11",
			"from": [7.65361, 8.26506, 0.34639],
			"to": [8.34639, 9.22892, 0.53916],
			"rotation": {"angle": 0, "axis": "y", "origin": [8, 7.78313, 8.34639]},
			"faces": {
				"north": {"uv": [15.80723, 3.2, 16, 7.2], "texture": "#0"},
				"east": {"uv": [15.80723, 3.2, 16, 7.2], "texture": "#0"},
				"south": {"uv": [15.80723, 3.2, 16, 7.2], "texture": "#0"},
				"west": {"uv": [16, 3.2, 15.80723, 7.2], "texture": "#0"},
				"up": {"uv": [15.80723, 3.2, 16, 4], "rotation": 270, "texture": "#0"},
				"down": {"uv": [15.80723, 6.4, 16, 7.2], "rotation": 90, "texture": "#0"}
			}
		},
		{
			"name": "rocket_launcher_12",
			"from": [7.65361, 8.45783, 16.15361],
			"to": [8.34639, 8.84337, 16.34639],
			"rotation": {"angle": 0, "axis": "y", "origin": [8, 7.78313, 8.34639]},
			"faces": {
				"north": {"uv": [0, 4.8, 0.19277, 6.4], "texture": "#0"},
				"east": {"uv": [0, 4.8, 0.19277, 6.4], "texture": "#0"},
				"south": {"uv": [0, 4.8, 0.19277, 6.4], "texture": "#0"},
				"west": {"uv": [0.19277, 4.8, 0, 6.4], "texture": "#0"},
				"up": {"uv": [0, 4.8, 0.19277, 5.6], "rotation": 270, "texture": "#0"},
				"down": {"uv": [0, 5.6, 0.19277, 6.4], "rotation": 90, "texture": "#0"}
			}
		},
		{
			"name": "rocket_launcher_13",
			"from": [7.65361, 7.87952, 16.15361],
			"to": [8.34639, 8.26506, 16.34639],
			"rotation": {"angle": 0, "axis": "y", "origin": [8, 7.78313, 8.34639]},
			"faces": {
				"north": {"uv": [0, 7.2, 0.19277, 8.8], "texture": "#0"},
				"east": {"uv": [0, 7.2, 0.19277, 8.8], "texture": "#0"},
				"south": {"uv": [0, 7.2, 0.19277, 8.8], "texture": "#0"},
				"west": {"uv": [0.19277, 7.2, 0, 8.8], "texture": "#0"},
				"up": {"uv": [0, 7.2, 0.19277, 8], "rotation": 270, "texture": "#0"},
				"down": {"uv": [0, 8, 0.19277, 8.8], "rotation": 90, "texture": "#0"}
			}
		},
		{
			"name": "rocket_launcher_14",
			"from": [7.65361, 7.87952, 15.76807],
			"to": [8.34639, 8.07229, 16.15361],
			"rotation": {"angle": 0, "axis": "y", "origin": [8, 7.78313, 8.34639]},
			"faces": {
				"north": {"uv": [0.38554, 8, 0.57831, 8.8], "texture": "#0"},
				"east": {"uv": [0.19277, 8, 0.57831, 8.8], "texture": "#0"},
				"south": {"uv": [0.19277, 8, 0.38554, 8.8], "texture": "#0"},
				"west": {"uv": [0.57831, 8, 0.19277, 8.8], "texture": "#0"},
				"up": {"uv": [0.19277, 8, 0.57831, 8.8], "rotation": 270, "texture": "#0"},
				"down": {"uv": [0.19277, 8, 0.57831, 8.8], "rotation": 90, "texture": "#0"}
			}
		},
		{
			"name": "rocket_launcher_15",
			"from": [7.90361, 7.10843, 8.44277],
			"to": [8.09639, 8.07229, 9.21386],
			"rotation": {"angle": 0, "axis": "y", "origin": [8, 7.78313, 8.34639]},
			"faces": {
				"north": {"uv": [7.71084, 8, 7.90361, 12], "texture": "#0"},
				"east": {"uv": [7.13253, 8, 7.90361, 12], "texture": "#0"},
				"south": {"uv": [7.13253, 8, 7.3253, 12], "texture": "#0"},
				"west": {"uv": [7.90361, 8, 7.13253, 12], "texture": "#0"},
				"up": {"uv": [7.13253, 8, 7.90361, 8.8], "rotation": 270, "texture": "#0"},
				"down": {"uv": [7.13253, 11.2, 7.90361, 12], "rotation": 90, "texture": "#0"}
			}
		},
		{
			"name": "rocket_launcher_16",
			"from": [7.65361, 7.87952, 4.39458],
			"to": [8.34639, 8.07229, 4.58735],
			"rotation": {"angle": 0, "axis": "y", "origin": [8, 7.78313, 8.34639]},
			"faces": {
				"north": {"uv": [11.75904, 8, 11.95181, 8.8], "texture": "#0"},
				"east": {"uv": [11.75904, 8, 11.95181, 8.8], "texture": "#0"},
				"south": {"uv": [11.75904, 8, 11.95181, 8.8], "texture": "#0"},
				"west": {"uv": [11.95181, 8, 11.75904, 8.8], "texture": "#0"},
				"up": {"uv": [11.75904, 8, 11.95181, 8.8], "rotation": 270, "texture": "#0"},
				"down": {"uv": [11.75904, 8, 11.95181, 8.8], "rotation": 90, "texture": "#0"}
			}
		},
		{
			"name": "rocket_launcher_17",
			"from": [7.90361, 7.68675, 7.28614],
			"to": [8.09639, 7.87952, 8.44277],
			"rotation": {"angle": 0, "axis": "y", "origin": [8, 7.78313, 8.34639]},
			"faces": {
				"north": {"uv": [8.86747, 8.8, 9.06024, 9.6], "texture": "#0"},
				"east": {"uv": [7.90361, 8.8, 9.06024, 9.6], "texture": "#0"},
				"south": {"uv": [7.90361, 8.8, 8.09639, 9.6], "texture": "#0"},
				"west": {"uv": [9.06024, 8.8, 7.90361, 9.6], "texture": "#0"},
				"up": {"uv": [7.90361, 8.8, 9.06024, 9.6], "rotation": 270, "texture": "#0"},
				"down": {"uv": [7.90361, 8.8, 9.06024, 9.6], "rotation": 90, "texture": "#0"}
			}
		},
		{
			"name": "rocket_launcher_18",
			"from": [7.90361, 7.49398, 7.28614],
			"to": [8.09639, 7.68675, 7.67169],
			"rotation": {"angle": 0, "axis": "y", "origin": [8, 7.78313, 8.34639]},
			"faces": {
				"north": {"uv": [8.86747, 9.6, 9.06024, 10.4], "texture": "#0"},
				"east": {"uv": [8.6747, 9.6, 9.06024, 10.4], "texture": "#0"},
				"south": {"uv": [8.6747, 9.6, 8.86747, 10.4], "texture": "#0"},
				"west": {"uv": [9.06024, 9.6, 8.6747, 10.4], "texture": "#0"},
				"up": {"uv": [8.6747, 9.6, 9.06024, 10.4], "rotation": 270, "texture": "#0"},
				"down": {"uv": [8.6747, 9.6, 9.06024, 10.4], "rotation": 90, "texture": "#0"}
			}
		},
		{
			"name": "rocket_launcher_19",
			"from": [7.90361, 7.10843, 4.78012],
			"to": [8.09639, 7.68675, 5.74398],
			"rotation": {"angle": 0, "axis": "y", "origin": [8, 7.78313, 8.34639]},
			"faces": {
				"north": {"uv": [11.37349, 9.6, 11.56627, 12], "texture": "#0"},
				"east": {"uv": [10.60241, 9.6, 11.56627, 12], "texture": "#0"},
				"south": {"uv": [10.60241, 9.6, 10.79518, 12], "texture": "#0"},
				"west": {"uv": [11.56627, 9.6, 10.60241, 12], "texture": "#0"},
				"up": {"uv": [10.60241, 9.6, 11.56627, 10.4], "rotation": 270, "texture": "#0"},
				"down": {"uv": [10.60241, 11.2, 11.56627, 12], "rotation": 90, "texture": "#0"}
			}
		},
		{
			"name": "rocket_launcher_20",
			"from": [7.90361, 6.53012, 9.21386],
			"to": [8.09639, 7.49398, 9.40663],
			"rotation": {"angle": 0, "axis": "y", "origin": [8, 7.78313, 8.34639]},
			"faces": {
				"north": {"uv": [6.93976, 10.4, 7.13253, 14.4], "texture": "#0"},
				"east": {"uv": [6.93976, 10.4, 7.13253, 14.4], "texture": "#0"},
				"south": {"uv": [6.93976, 10.4, 7.13253, 14.4], "texture": "#0"},
				"west": {"uv": [7.13253, 10.4, 6.93976, 14.4], "texture": "#0"},
				"up": {"uv": [6.93976, 10.4, 7.13253, 11.2], "rotation": 270, "texture": "#0"},
				"down": {"uv": [6.93976, 13.6, 7.13253, 14.4], "rotation": 90, "texture": "#0"}
			}
		},
		{
			"name": "rocket_launcher_21",
			"from": [7.90361, 7.3012, 7.47892],
			"to": [8.09639, 7.49398, 8.44277],
			"rotation": {"angle": 0, "axis": "y", "origin": [8, 7.78313, 8.34639]},
			"faces": {
				"north": {"uv": [8.6747, 10.4, 8.86747, 11.2], "texture": "#0"},
				"east": {"uv": [7.90361, 10.4, 8.86747, 11.2], "texture": "#0"},
				"south": {"uv": [7.90361, 10.4, 8.09639, 11.2], "texture": "#0"},
				"west": {"uv": [8.86747, 10.4, 7.90361, 11.2], "texture": "#0"},
				"up": {"uv": [7.90361, 10.4, 8.86747, 11.2], "rotation": 270, "texture": "#0"},
				"down": {"uv": [7.90361, 10.4, 8.86747, 11.2], "rotation": 90, "texture": "#0"}
			}
		},
		{
			"name": "rocket_launcher_22",
			"from": [7.90361, 7.3012, 4.58735],
			"to": [8.09639, 7.49398, 4.78012],
			"rotation": {"angle": 0, "axis": "y", "origin": [8, 7.78313, 8.34639]},
			"faces": {
				"north": {"uv": [11.56627, 10.4, 11.75904, 11.2], "texture": "#0"},
				"east": {"uv": [11.56627, 10.4, 11.75904, 11.2], "texture": "#0"},
				"south": {"uv": [11.56627, 10.4, 11.75904, 11.2], "texture": "#0"},
				"west": {"uv": [11.75904, 10.4, 11.56627, 11.2], "texture": "#0"},
				"up": {"uv": [11.56627, 10.4, 11.75904, 11.2], "rotation": 270, "texture": "#0"},
				"down": {"uv": [11.56627, 10.4, 11.75904, 11.2], "rotation": 90, "texture": "#0"}
			}
		},
		{
			"name": "rocket_launcher_23",
			"from": [7.90361, 6.53012, 8.82831],
			"to": [8.09639, 7.10843, 9.21386],
			"rotation": {"angle": 0, "axis": "y", "origin": [8, 7.78313, 8.34639]},
			"faces": {
				"north": {"uv": [7.3253, 12, 7.51807, 14.4], "texture": "#0"},
				"east": {"uv": [7.13253, 12, 7.51807, 14.4], "texture": "#0"},
				"south": {"uv": [7.13253, 12, 7.3253, 14.4], "texture": "#0"},
				"west": {"uv": [7.51807, 12, 7.13253, 14.4], "texture": "#0"},
				"up": {"uv": [7.13253, 12, 7.51807, 12.8], "rotation": 270, "texture": "#0"},
				"down": {"uv": [7.13253, 13.6, 7.51807, 14.4], "rotation": 90, "texture": "#0"}
			}
		},
		{
			"name": "rocket_launcher_24",
			"from": [7.90361, 6.53012, 4.78012],
			"to": [8.09639, 7.10843, 5.5512],
			"rotation": {"angle": 0, "axis": "y", "origin": [8, 7.78313, 8.34639]},
			"faces": {
				"north": {"uv": [11.37349, 12, 11.56627, 14.4], "texture": "#0"},
				"east": {"uv": [10.79518, 12, 11.56627, 14.4], "texture": "#0"},
				"south": {"uv": [10.79518, 12, 10.98795, 14.4], "texture": "#0"},
				"west": {"uv": [11.56627, 12, 10.79518, 14.4], "texture": "#0"},
				"up": {"uv": [10.79518, 12, 11.56627, 12.8], "rotation": 270, "texture": "#0"},
				"down": {"uv": [10.79518, 13.6, 11.56627, 14.4], "rotation": 90, "texture": "#0"}
			}
		},
		{
			"name": "rocket_launcher_25",
			"from": [7.90361, 6.72289, 9.40663],
			"to": [8.09639, 6.91566, 9.5994],
			"rotation": {"angle": 0, "axis": "y", "origin": [8, 7.78313, 8.34639]},
			"faces": {
				"north": {"uv": [6.74699, 12.8, 6.93976, 13.6], "texture": "#0"},
				"east": {"uv": [6.74699, 12.8, 6.93976, 13.6], "texture": "#0"},
				"south": {"uv": [6.74699, 12.8, 6.93976, 13.6], "texture": "#0"},
				"west": {"uv": [6.93976, 12.8, 6.74699, 13.6], "texture": "#0"},
				"up": {"uv": [6.74699, 12.8, 6.93976, 13.6], "rotation": 270, "texture": "#0"},
				"down": {"uv": [6.74699, 12.8, 6.93976, 13.6], "rotation": 90, "texture": "#0"}
			}
		},
		{
			"name": "rocket_launcher_26",
			"from": [7.90361, 6.33735, 5.5512],
			"to": [8.09639, 6.91566, 5.74398],
			"rotation": {"angle": 0, "axis": "y", "origin": [8, 7.78313, 8.34639]},
			"faces": {
				"north": {"uv": [10.60241, 12.8, 10.79518, 15.2], "texture": "#0"},
				"east": {"uv": [10.60241, 12.8, 10.79518, 15.2], "texture": "#0"},
				"south": {"uv": [10.60241, 12.8, 10.79518, 15.2], "texture": "#0"},
				"west": {"uv": [10.79518, 12.8, 10.60241, 15.2], "texture": "#0"},
				"up": {"uv": [10.60241, 12.8, 10.79518, 13.6], "rotation": 270, "texture": "#0"},
				"down": {"uv": [10.60241, 14.4, 10.79518, 15.2], "rotation": 90, "texture": "#0"}
			}
		},
		{
			"name": "rocket_launcher_27",
			"from": [7.90361, 6.33735, 4.97289],
			"to": [8.09639, 6.53012, 5.5512],
			"rotation": {"angle": 0, "axis": "y", "origin": [8, 7.78313, 8.34639]},
			"faces": {
				"north": {"uv": [11.18072, 14.4, 11.37349, 15.2], "texture": "#0"},
				"east": {"uv": [10.79518, 14.4, 11.37349, 15.2], "texture": "#0"},
				"south": {"uv": [10.79518, 14.4, 10.98795, 15.2], "texture": "#0"},
				"west": {"uv": [11.37349, 14.4, 10.79518, 15.2], "texture": "#0"},
				"up": {"uv": [10.79518, 14.4, 11.37349, 15.2], "rotation": 270, "texture": "#0"},
				"down": {"uv": [10.79518, 14.4, 11.37349, 15.2], "rotation": 90, "texture": "#0"}
			}
		},
		{
			"name": "rocket_launcher_28",
			"from": [7.90361, 6.14458, 4.97289],
			"to": [8.09639, 6.33735, 5.16566],
			"rotation": {"angle": 0, "axis": "y", "origin": [8, 7.78313, 8.34639]},
			"faces": {
				"north": {"uv": [11.18072, 15.2, 11.37349, 16], "texture": "#0"},
				"east": {"uv": [11.18072, 15.2, 11.37349, 16], "texture": "#0"},
				"south": {"uv": [11.18072, 15.2, 11.37349, 16], "texture": "#0"},
				"west": {"uv": [11.37349, 15.2, 11.18072, 16], "texture": "#0"},
				"up": {"uv": [11.18072, 15.2, 11.37349, 16], "rotation": 270, "texture": "#0"},
				"down": {"uv": [11.18072, 15.2, 11.37349, 16], "rotation": 90, "texture": "#0"}
			}
		}
	],
	"display": {
		"thirdperson_righthand": {
			"translation": [0, 0, 2.75],
			"scale": [1.75, 1.75, 1.75]
		},
		"thirdperson_lefthand": {
			"translation": [0, 0, 2.75],
			"scale": [1.75, 1.75, 1.75]
		},
		"firstperson_righthand": {
			"translation": [-2, 6, 8],
			"scale": [1.75, 1.75, 1.75]
		},
		"firstperson_lefthand": {
			"translation": [-3.25, 6, 8],
			"scale": [1.75, 1.75, 1.75]
		},
		"ground": {
			"scale": [3, 3, 3]
		},
		"gui": {
			"rotation": [0, 90, 0]
		},
		"head": {
			"translation": [0, 7.5, -2],
			"scale": [4, 4, 4]
		},
		"fixed": {
			"rotation": [90, 45, -90]
		}
	},
	"groups": [
		{
			"name": "rocket_launcher",
			"origin": [8, 8, 8],
			"color": 0,
			"children": [0, 1, 2, 3, 4, 5, 6, 7, 8, 9, 10, 11, 12, 13, 14, 15, 16, 17, 18, 19, 20, 21, 22, 23, 24, 25, 26, 27, 28]
		}
	]
}